station,lat,lon,elev,name
US1CAAL0001,37.8123,-122.216,113.4,CA PIEDMONT 1.0 SE                             
US1CAAL0003,37.7169,-122.0585,163.4,CA CASTRO VALLEY 0.4 NNE                       
US1CAAL0004,37.6483,-121.8745,107.0,CA PLEASANTON 1.8 SSE                          
US1CAAL0006,37.8319,-122.2503,58.2,CA OAKLAND 4.4 NNW                             
US1CAAL0012,37.6702,-121.8814,104.9,CA PLEASANTON 0.4 ESE                          
US1CAAL0018,37.8575,-122.2256,349.9,CA BERKELEY 4.0 E                              
US1CAAL0024,37.572,-121.959,31.1,CA FREMONT 3.7 NE                              
US1CAAL0025,37.8947,-122.2965,16.8,CA ALBANY 1.7 E                                
US1CAAL0030,37.7778,-122.2032,35.4,CA OAKLAND 1.2 ENE                             
US1CAAL0034,37.8775,-122.2813,36.6,CA BERKELEY 1.1 NE                             
US1CAAL0039,37.8552,-122.2892,13.7,CA BERKELEY 0.9 SSE                            
US1CAAL0045,37.8402,-122.2027,2888.9,CA OAKLAND 4.9 NNE                             
US1CAAL0050,37.8935,-122.2936,21.9,CA ALBANY 1.8 E                                
US1CAAL0052,37.7941,-122.2364,37.5,CA OAKLAND 1.7 NNW                             
US1CAAL0053,37.8476,-122.2476,67.1,CA OAKLAND 5.4 NNW                             
US1CAAM0007,38.4675,-120.5512,1040.0,CA PIONEER 2.7 NNE                             
US1CAAM0009,38.4882,-120.6313,739.4,CA VOLCANO 3.2 N                               
US1CAAM0011,38.3389,-120.7691,413.0,CA JACKSON 0.8 SSE                             
US1CAAM0013,38.4205,-120.8415,271.0,CA AMADOR CITY 1.0 W                           
US1CAAM0014,38.4032,-120.764,419.4,CA SUTTER CREEK 2.3 ENE                        
US1CAAM0015,38.4062,-120.6627,787.0,CA PINE GROVE 0.5 SSW                          
US1CAAM0016,38.3963,-120.8061,365.2,CA SUTTER CREEK 0.4 NNW                        
US1CABT0005,39.4932,-121.477,203.6,CA OROVILLE 4.8 E                              
US1CABT0008,39.7385,-121.832,64.0,CA CHICO 1.7 SW                                
US1CABT0009,39.7494,-121.8614,57.9,CA CHICO 2.9 W                                 
US1CABT0015,39.7549,-121.7823,110.3,CA CHICO 1.3 E                                 
US1CABT0019,39.7525,-121.8028,78.3,CA CHICO 0.2 ESE                               
US1CABT0026,39.3348,-121.6458,28.0,CA GRIDLEY 3.3 SE                              
US1CABT0032,39.3946,-121.4047,249.9,CA BANGOR 0.4 N                                
US1CABT0033,39.4064,-121.5,84.1,CA PALERMO 2.7 SE                              
US1CACC0001,37.9898,-122.1085,76.8,CA MARTINEZ 0.8 SSE                            
US1CACC0004,37.8783,-122.0338,74.1,CA WALNUT CREEK 1.7 SSE                        
US1CACC0006,37.8937,-122.1043,75.6,CA LAFAYETTE 0.7 E                             
US1CACC0010,37.8883,-122.1526,157.9,CA LAFAYETTE 1.9 WSW                           
US1CACC0011,37.9744,-122.1384,210.9,CA MARTINEZ 2.2 SW                             
US1CACC0012,37.9786,-121.8381,54.3,CA ANTIOCH 2.2 WSW                             
US1CACC0016,37.9783,-122.0134,37.8,CA CONCORD 0.8 WNW                             
US1CACC0018,37.8846,-122.0285,84.4,CA WALNUT CREEK 1.4 SSE                        
US1CACC0019,37.916,-122.0232,47.5,CA WALNUT CREEK 1.4 NE                         
US1CACC0025,37.8698,-122.1384,228.0,CA MORAGA 2.4 NNW                              
US1CACC0028,37.9363,-122.3157,78.6,CA EL CERRITO 1.3 NW                           
US1CACC0031,37.8911,-122.0811,76.8,CA WALNUT CREEK 2.3 WSW                        
US1CACC0036,37.899,-121.723,55.5,CA BRENTWOOD 2.5 SSW                           
US1CACC0037,37.9533,-121.9712,81.4,CA CONCORD 2.1 SE                              
US1CACC0040,37.9226,-122.3068,41.8,CA EL CERRITO 0.3 WNW                          
US1CACC0043,37.7842,-121.9692,147.2,CA DANVILLE 2.1 S                              
US1CACC0045,37.8177,-122.006,135.6,CA DANVILLE 1.9 W                              
US1CACC0046,37.9816,-121.9986,43.6,CA CONCORD 0.6 N                               
US1CACC0047,37.9536,-122.1019,98.5,CA LAFAYETTE 4.2 NNE                           
US1CACL0001,39.349,-122.1771,27.7,CA MAXWELL 5.1 N                               
US1CACV0011,38.0641,-120.6531,431.0,CA ANGELS 5.8 W                                
US1CADN0001,41.824,-124.1482,19.8,CA CRESCENT CITY 5.5 NNE                       
US1CADN0005,41.7998,-124.1428,29.9,CA CRESCENT CITY 4.2 NE                        
US1CADN0006,41.9153,-124.136,36.6,CA SMITH RIVER 1.1 SSE                         
US1CADN0007,41.8653,-124.1513,14.9,CA FORT DICK 0.2 SSW                           
US1CADN0008,41.8617,-124.1437,29.0,CA CRESCENT CITY 7.8 NNE                       
US1CADN0011,41.7851,-124.1999,9.4,CA CRESCENT CITY 2.1 N                         
US1CADN0015,41.83,-124.163,15.2,CA CRESCENT CITY 5.5 NNE                       
US1CADN0017,41.7715,-124.1966,15.2,CA CRESCENT CITY 1.2 N                         
US1CAED0003,38.6953,-120.849,534.9,CA PLACERVILLE 3.7 SW                          
US1CAED0010,38.7392,-120.7846,620.6,CA PLACERVILLE 0.9 NE                          
US1CAED0011,38.757,-120.5775,1187.2,CA POLLOCK PINES 0.5 NW                        
US1CAED0012,38.7186,-120.634,947.3,CA CAMINO 2.6 ESE                              
US1CAED0017,38.7338,-120.711,887.0,CA CAMINO 2.0 WSW                              
US1CAED0020,38.8817,-120.0339,1927.9,CA SOUTH LAKE TAHOE 4.9 SW                     
US1CAED0023,38.698,-121.0869,235.0,CA EL DORADO HILLS 0.9 NNW                     
US1CAED0027,38.6803,-120.691,788.5,CA PLACERVILLE 6.6 ESE                         
US1CAED0029,38.8957,-120.9818,507.8,CA COOL 2.0 ENE                                
US1CAED0032,38.6905,-120.811,572.1,CA DIAMOND SPRINGS 0.7 ENE                     
US1CAFR0002,36.8611,-119.6931,116.4,CA CLOVIS 2.9 N                                
US1CAFR0006,36.798,-119.5535,127.4,CA SANGER 6.8 N                                
US1CAFR0008,36.5702,-120.0892,55.8,CA HELM 2.7 NNE                                
US1CAFR0009,36.9785,-119.3964,643.4,CA TOLLHOUSE 2.8 SSE                           
US1CAFR0014,36.8053,-119.8222,97.2,CA FRESNO 2.4 NW                               
US1CAFR0021,36.6889,-119.1873,399.0,CA SQUAW VALLEY 0.6 SE                         
US1CAFR0022,36.6857,-119.1393,759.6,CA SQUAW VALLEY 3.1 ESE                        
US1CAFR0025,36.8017,-119.3013,253.0,CA SQUAW VALLEY 9.4 NW                         
US1CAFR0026,36.8768,-119.7435,117.7,CA FRESNO 7.2 NNE                              
US1CAFR0027,36.7959,-119.5983,119.5,CA CLOVIS 5.6 ESE                              
US1CAFR0030,37.0668,-119.5251,613.0,CA AUBERRY 1.9 WSW                             
US1CAFR0031,36.8625,-119.6577,123.1,CA CLOVIS 3.6 NE                               
US1CAFR0033,36.7463,-119.8007,88.1,CA FRESNO 2.4 S                                
US1CAFR0034,36.7909,-119.7698,99.4,CA FRESNO 1.5 ENE                              
US1CAHM0001,40.8809,-124.0692,128.0,CA ARCATA 1.1 NE                               
US1CAHM0004,40.9231,-124.084,99.1,CA MCKINLEYVILLE 2.7 SE                        
US1CAHM0005,40.8962,-123.9984,111.6,CA MCKINLEYVILLE 7.3 ESE                       
US1CAHM0006,41.0783,-124.1517,61.3,CA TRINIDAD 1.5 NNW                            
US1CAHM0007,40.2516,-124.1823,96.3,CA HONEYDEW 3.1 WNW                            
US1CAHM0009,40.9778,-124.086,82.3,CA MCKINLEYVILLE 2.3 NE                        
US1CAHM0012,40.6005,-124.1613,29.9,CA FORTUNA 1.5 NW                              
US1CAHM0013,40.1387,-123.9061,554.7,CA REDWAY 4.8 WNW                              
US1CAHM0014,40.2093,-123.8941,164.3,CA MIRANDA 4.1 SW                              
US1CAHM0020,40.5673,-124.1357,59.4,CA FORTUNA 1.3 S                               
US1CAHM0022,40.9392,-123.6236,199.6,CA WILLOW CREEK 4.5 NNE                        
US1CAHM0026,40.4734,-123.7013,815.3,CA BRIDGEVILLE 5.2 ENE                         
US1CAHM0029,40.5867,-124.1409,19.8,CA FORTUNA 0.1 NW                              
US1CAHM0030,40.0775,-123.8239,126.5,CA GARBERVILLE 2.2 SW                          
US1CAHM0031,40.0677,-123.83,118.6,CA GARBERVILLE 2.9 SW                          
US1CAHM0032,40.0886,-123.8103,155.4,CA GARBERVILLE 1.1 WSW                         
US1CAHM0034,40.7895,-124.0795,32.3,CA KNEELAND 4.8 WNW                            
US1CAHM0035,40.7642,-124.1476,59.1,CA EUREKA 2.2 S                                
US1CAHM0037,40.9527,-124.0337,52.7,CA MCKINLEYVILLE 4.3 E                         
US1CAHM0038,40.7659,-123.9985,612.0,CA KNEELAND 0.4 NNW                            
US1CAHM0039,40.8881,-123.9944,54.6,CA BLUE LAKE 0.6 NNW                           
US1CAHM0041,40.757,-124.1814,30.5,CA EUREKA 3.0 SSW                              
US1CAHM0044,40.1093,-123.8519,291.1,CA REDWAY 1.8 WSW                              
US1CAHM0046,41.0614,-124.124,87.5,CA TRINIDAD 1.0 ENE                            
US1CAHM0047,40.6578,-123.9245,745.5,CA HYDESVILLE 11.4 NE                          
US1CAHM0048,40.9473,-123.6279,152.7,CA WILLOW CREEK 4.9 NNE                        
US1CAHM0051,40.9754,-124.0882,82.3,CA MCKINLEYVILLE 2.1 NE                        
US1CAHM0052,40.7109,-123.9758,624.8,CA KNEELAND 3.5 SSE                            
US1CAHM0054,40.8506,-124.0517,64.0,CA ARCATA 1.9 SE                               
US1CAHM0060,41.0593,-124.1398,54.9,CA TRINIDAD 0.2 NE                             
US1CAHM0063,40.8724,-124.0973,4.6,CA ARCATA 0.9 WNW                              
US1CAHM0064,41.3015,-123.5428,125.0,CA ORLEANS 0.0 N                               
US1CAHM0065,40.0394,-123.9596,306.3,CA WHITETHORN 1.4 NW                           
US1CAHM0066,40.0447,-123.959,294.7,CA WHITETHORN 1.7 NNW                          
US1CAHM0070,40.2002,-124.1053,425.2,CA HONEYDEW 3.2 SSE                            
US1CAHM0073,40.3172,-124.2816,28.0,CA PETROLIA 0.6 SSE                            
US1CAHM0074,40.7987,-124.0381,419.1,CA KNEELAND 3.4 WNW                            
US1CAHM0075,40.038,-124.0675,120.1,CA SHELTER COVE 0.6 NNE                        
US1CAHM0077,40.5671,-124.1101,139.0,CA FORTUNA 2.0 SE                              
US1CAHM0078,40.1097,-123.8017,159.7,CA GARBERVILLE 0.8 NNW                         
US1CAHM0079,40.4854,-123.6497,740.4,CA DINSMORE 2.3 W                              
US1CAHM0081,40.7308,-124.1525,128.6,CA EUREKA 4.5 S                                
US1CAHM0084,40.7938,-124.1463,16.2,CA EUREKA 0.5 ESE                              
US1CAHM0086,40.9618,-124.0449,44.8,CA MCKINLEYVILLE 3.7 E                         
US1CAHM0087,40.9273,-124.0991,56.7,CA MCKINLEYVILLE 2.0 SSE                       
US1CAHM0088,40.704,-124.1881,159.7,CA HUMBOLDT HILL 1.5 S                         
US1CAHM0089,40.7285,-124.1726,31.4,CA EUREKA 4.7 S                                
US1CAHM0091,40.1745,-123.9904,501.1,CA ETTERSBURG 2.8 N                            
US1CAHM0092,40.9357,-124.1259,15.8,CA MCKINLEYVILLE 1.3 SSW                       
US1CAHM0093,40.1241,-123.827,136.9,CA REDWAY 0.6 NW                               
US1CAHM0094,40.57,-124.1376,49.7,CA FORTUNA 1.1 S                               
US1CAHM0095,40.288,-124.3448,103.9,CA PETROLIA 4.0 SW                             
US1CAHM0097,40.9688,-124.0906,79.2,CA MCKINLEYVILLE 1.7 NE                        
US1CAHM0098,40.7235,-124.2036,116.1,CA EUREKA 5.6 SSW                              
US1CAHM0099,40.8319,-124.0431,26.8,CA BAYSIDE 1.3 SE                              
US1CAHM0102,40.6086,-124.1624,100.9,CA FORTUNA 2.0 NW                              
US1CAHM0103,40.4221,-123.5783,1286.3,CA DINSMORE 4.9 SSE                            
US1CAHM0104,40.6003,-124.1558,26.2,CA FORTUNA 1.3 NW                              
US1CAIN0004,37.3878,-118.4141,1274.4,CA BISHOP 1.7 NW                               
US1CAIN0005,37.4115,-118.5474,1382.9,CA BISHOP 8.8 WNW                              
US1CAIN0007,37.3854,-118.415,1275.0,CA BISHOP 1.6 NW                               
US1CAIN0008,36.8061,-118.2014,1193.0,CA INDEPENDENCE 0.2 NNW                        
US1CAIN0010,37.3844,-118.4228,1282.0,CA BISHOP 1.8 NW                               
US1CAIN0012,37.3474,-118.4153,1286.6,CA BISHOP 1.7 SW                               
US1CAIN0013,37.3786,-118.4178,1281.1,CA BISHOP 1.4 WNW                              
US1CAKG0003,36.295,-119.7914,68.0,CA LEMOORE 0.3 SW                              
US1CAKG0004,36.3769,-119.6527,78.6,CA HANFORD 3.6 N                               
US1CAKG0005,36.3349,-119.6743,74.7,CA HANFORD 1.7 WNW                             
US1CAKN0001,35.6345,-117.9782,1316.4,CA INYOKERN 9.4 WSW                            
US1CAKN0003,35.1323,-118.4799,1202.4,CA TEHACHAPI 2.2 W                             
US1CAKN0013,35.7022,-118.1739,926.3,CA ONYX 2.8 ENE                                
US1CAKN0017,35.5832,-119.3483,99.1,CA WASCO 0.8 SSW                               
US1CAKN0022,35.3311,-119.1078,112.8,CA BAKERSFIELD 6.1 WSW                         
US1CAKN0026,35.4088,-118.5071,1047.0,CA WALKER BASIN 0.9 E                          
US1CAKN0031,35.1464,-118.4986,1184.8,CA TEHACHAPI 3.4 WNW                           
US1CAKN0034,35.6407,-117.6743,703.5,CA RIDGECREST 1.0 NW                           
US1CALA0001,34.1689,-118.2947,155.8,CA GLENDALE 2.4 WSW                            
US1CALA0003,33.7902,-118.3369,61.0,CA TORRANCE 2.8 SW                             
US1CALA0005,34.1874,-118.1245,403.3,CA ALTADENA 0.7 ESE                            
US1CALA0009,34.1543,-118.42,194.5,CA SHERMAN OAKS 1.7 ENE                        
US1CALA0010,33.9862,-118.0664,52.1,CA WHITTIER 2.9 WNW                            
US1CALA0014,34.4268,-118.4275,492.9,CA CANYON COUNTRY 2.6 E                        
US1CALA0021,34.1617,-118.0285,198.7,CA ARCADIA 2.1 NNE                             
US1CALA0023,34.0232,-117.7965,285.0,CA DIAMOND BAR 1.9 NNE                         
US1CALA0030,34.1712,-118.4353,205.7,CA LOS ANGELES 4.3 NNW                         
US1CALA0031,34.7184,-118.0659,721.2,CA LANCASTER 6.5 ENE                           
US1CALA0036,34.1392,-118.1161,225.2,CA PASADENA 2.0 SE                             
US1CALA0038,33.7766,-118.1467,14.6,CA LONG BEACH 1.1 SE                           
US1CALA0039,33.7753,-118.3704,309.1,CA RANCHO PALOS VERDES 1.3 NNW                 
US1CALA0043,34.1619,-118.1073,277.7,CA PASADENA 1.8 E                              
US1CALA0048,34.0318,-118.4853,56.7,CA SANTA MONICA 1.3 NNE                        
US1CALA0054,34.1406,-118.6281,329.2,CA CALABASAS 1.9 E                             
US1CALA0057,33.7867,-118.3105,33.5,CA LOMITA 0.6 SE                               
US1CALA0059,34.0374,-117.7788,290.5,CA POMONA 1.8 SW                               
US1CALA0060,34.4064,-118.4866,475.8,CA SANTA CLARITA 1.4 ESE                       
US1CALA0063,34.1791,-118.1047,331.9,CA ALTADENA 1.9 ESE                            
US1CALA0064,34.0809,-118.2729,123.4,CA LOS ANGELES 2.6 NW                          
US1CALA0067,34.3898,-118.5569,381.3,CA SANTA CLARITA 3.1 WSW                       
US1CALA0068,33.8675,-118.089,18.0,CA ARTESIA 0.5 W                               
US1CALA0077,34.6831,-118.0802,734.0,CA LANCASTER 5.5 E                             
US1CALA0081,34.1354,-117.8238,293.2,CA GLENDORA 1.4 ESE                            
US1CALA0083,34.2371,-118.2318,628.8,CA LA CRESCENTA-MONTROSE 0.3 NE                
US1CALA0085,34.1,-118.2196,246.0,CA SOUTH PASADENA 3.7 WSW                      
US1CALA0087,34.4371,-118.552,368.8,CA VALENCIA 1.7 SE                             
US1CALA0089,34.1004,-118.1654,241.1,CA SOUTH PASADENA 0.9 SSW                      
US1CALA0090,34.1534,-118.2098,267.9,CA GLENDALE 3.0 ESE                            
US1CALA0091,34.1648,-118.1249,289.0,CA PASADENA 0.8 ENE                            
US1CALA0092,33.8274,-118.3888,0.9,CA REDONDO BEACH 2.1 SSW                       
US1CALA0096,34.1135,-117.7113,416.7,CA CLAREMONT 0.6 SSE                           
US1CALA0097,33.7215,-118.2954,85.0,CA ROLLING HILLS 3.9 SE                        
US1CALA0104,34.1977,-118.5138,225.9,CA SAN FERNANDO 7.8 SW                         
US1CALA0106,34.1159,-117.7056,433.1,CA CLAREMONT 0.7 SE                            
US1CALA0108,34.1674,-118.7494,316.4,CA AGOURA HILLS 1.3 NNE                        
US1CALA0109,34.1905,-118.1648,349.3,CA ALTADENA 1.7 W                              
US1CALK0004,39.0789,-122.9169,417.6,CA LAKEPORT 2.5 N                              
US1CALK0006,38.706,-122.6031,388.0,CA MIDDLETOWN 3.3 SSE                          
US1CALK0009,39.1682,-122.9778,438.9,CA UPPER LAKE 3.6 W                            
US1CALK0014,39.0512,-122.9218,428.5,CA LAKEPORT 0.6 N                              
US1CALK0017,39.0683,-122.5926,388.9,CA CLEARLAKE OAKS 5.0 NE                       
US1CALS0001,40.3676,-120.6739,1326.8,CA SUSANVILLE 3.2 SSW                          
US1CALS0002,40.363,-120.674,1325.0,CA SUSANVILLE 3.5 SSW                          
US1CAMA0002,37.2717,-119.802,549.2,CA RAYMOND 6.8 NE                              
US1CAMA0003,37.1241,-119.761,487.1,CA YOSEMITE LAKES 4.7 S                        
US1CAMA0004,37.3996,-119.7381,865.6,CA AHWAHNEE 2.5 NNW                            
US1CAMA0007,37.247,-119.6855,815.0,CA COARSEGOLD 1.4 SE                           
US1CAMA0008,37.116,-120.252,72.5,CA CHOWCHILLA 0.3 E                            
US1CAMA0009,37.0367,-119.9842,109.4,CA LAKE MADERA 1.3 NNE                         
US1CAMA0011,36.9374,-119.8735,107.9,CA MADERA 11.4 E                               
US1CAMA0012,37.3146,-119.638,775.1,CA OAKHURST 1.4 SSE                            
US1CAMA0016,37.3217,-119.6409,733.3,CA OAKHURST 0.9 SSE                            
US1CAMA0017,37.323,-119.6252,730.3,CA OAKHURST 1.4 ESE                            
US1CAMD0001,39.2206,-123.3312,759.6,CA UKIAH 8.4 NW                                
US1CAMD0003,39.0062,-123.4084,323.4,CA BOONVILLE 2.2 WSW                           
US1CAMD0005,39.1054,-123.7062,44.8,CA ELK 1.8 NNE                                 
US1CAMD0007,39.1583,-123.2248,227.4,CA UKIAH 1.2 NW                                
US1CAMD0014,39.2723,-123.1785,278.0,CA REDWOOD VALLEY 1.5 ENE                      
US1CAMD0017,39.6724,-123.4898,502.0,CA LAYTONVILLE 1.1 SW                          
US1CAMD0018,38.8828,-123.61,319.4,CA POINT ARENA 4.8 ESE                         
US1CAMD0021,39.1878,-123.7096,193.9,CA ALBION 4.0 SE                               
US1CAMD0022,39.814,-123.5343,633.4,CA LAYTONVILLE 9.8 NNW                         
US1CAMD0026,39.361,-123.789,98.5,CA CASPAR 1.4 ESE                              
US1CAMD0029,39.4985,-123.7854,25.9,CA FORT BRAGG 4.0 NNE                          
US1CAMD0030,39.3914,-123.802,64.3,CA FORT BRAGG 3.5 S                            
US1CAMD0033,39.3415,-123.7761,128.3,CA MENDOCINO 2.7 NNE                           
US1CAMD0034,38.7742,-123.5387,59.1,CA GUALALA 0.8 NW                              
US1CAMD0036,38.9117,-123.6935,64.9,CA POINT ARENA 0.2 W                           
US1CAMD0037,39.3924,-123.3219,447.1,CA WILLITS 1.6 ESE                             
US1CAMD0038,39.3769,-123.801,58.2,CA FORT BRAGG 4.5 S                            
US1CAMD0039,39.1547,-123.7009,367.6,CA ELK 1.9 NNE                                 
US1CAMD0040,39.3774,-123.3361,439.2,CA WILLITS 2.0 SSE                             
US1CAMD0042,39.2064,-123.7703,60.7,CA ALBION 1.1 S                                
US1CAMD0044,39.3479,-123.1198,299.3,CA POTTER VALLEY 1.8 N                         
US1CAMD0045,39.3134,-123.7927,75.9,CA MENDOCINO 0.5 NE                            
US1CAME0004,37.3102,-120.4968,51.2,CA MERCED 1.2 NW                               
US1CAMN0001,38.0337,-119.1697,2162.3,CA LEE VINING 5.9 NW                           
US1CAMN0004,37.5103,-118.6363,1949.2,CA WEST BISHOP 14.4 NW                         
US1CAMN0005,37.5569,-118.7054,2154.3,CA MAMMOTH LAKES 16.3 ESE                      
US1CAMP0001,37.5396,-119.9876,896.7,CA MARIPOSA 3.7 NNW                            
US1CAMP0002,37.4613,-119.7417,899.8,CA MARIPOSA 12.5 E                             
US1CAMP0003,37.6354,-120.3273,339.5,CA LA GRANGE 7.8 ESE                           
US1CAMP0004,37.4152,-120.0998,357.2,CA CATHEYS VALLEY 1.2 S                        
US1CAMP0008,37.4822,-119.9017,754.1,CA MARIPOSA 3.6 E                              
US1CAMP0009,37.5069,-119.8392,978.4,CA MARIPOSA 7.1 E                              
US1CAMR0002,38.005,-122.6354,133.8,CA WOODACRE 0.6 SW                             
US1CAMR0004,38.106,-122.6441,75.0,CA NOVATO 4.8 WNW                              
US1CAMR0005,37.9872,-122.5643,32.6,CA SAN ANSELMO 0.4 NE                          
US1CAMR0009,38.2475,-122.8119,36.3,CA PETALUMA 10.1 W                             
US1CAMR0011,38.2507,-122.8829,39.0,CA TOMALES 1.3 ENE                             
US1CAMR0013,37.8863,-122.544,63.7,CA MILL VALLEY 1.5 S                           
US1CAMR0016,37.8593,-122.4974,48.5,CA SAUSALITO 0.3 WNW                           
US1CAMR0024,38.0199,-122.5742,50.6,CA SAN RAFAEL 4.6 NW                           
US1CAMR0025,38.0096,-122.5801,62.2,CA SAN ANSELMO 2.0 NNW                         
US1CAMR0026,38.079,-122.5698,69.5,CA NOVATO 1.2 SW                               
US1CAMR0029,38.041,-122.543,59.4,CA SAN RAFAEL 4.6 NNW                          
US1CAMR0030,37.9059,-122.7009,57.9,CA BOLINAS 0.2 W                               
US1CAMR0031,38.0127,-122.6862,82.0,CA LAGUNITAS-FOREST KNOLLS 0.2 SS              
US1CAMR0032,38.0047,-122.524,4.6,CA SAN RAFAEL 1.9 NNW                          
US1CAMR0035,38.0976,-122.5676,3.7,CA NOVATO 0.7 WNW                              
US1CAMR0037,38.1104,-122.6,23.2,CA NOVATO 2.7 WNW                              
US1CAMR0040,37.999,-122.5936,59.7,CA FAIRFAX 0.7 N                               
US1CAMR0045,37.8773,-122.5409,73.2,CA MILL VALLEY 2.1 S                           
US1CAMR0049,38.0109,-122.5634,34.1,CA SAN RAFAEL 3.7 WNW                          
US1CAMR0053,37.9121,-122.5024,29.6,CA CORTE MADERA 0.8 SSE                        
US1CAMR0054,37.9325,-122.5439,45.1,CA LARKSPUR 1.0 SW                             
US1CAMR0055,38.0581,-122.5341,35.4,CA NOVATO 2.7 SSE                              
US1CAMT0003,35.9808,-121.1174,360.0,CA LOCKWOOD 3.6 NW                             
US1CAMT0005,36.0249,-121.1745,336.5,CA KING CITY 13.2 S                            
US1CAMT0006,36.7764,-121.7284,5.5,CA CASTROVILLE 1.6 ENE                         
US1CAMT0009,36.6022,-121.932,85.3,CA PACIFIC GROVE 1.5 SSW                       
US1CAMT0017,36.85,-121.65,104.9,CA AROMAS 2.0 SSW                              
US1CAMT0019,36.4763,-121.7197,135.9,CA CARMEL VALLEY VILLAGE 0.7 SSE               
US1CAMT0020,36.777,-121.7269,5.2,CA CASTROVILLE 1.6 ENE                         
US1CAMT0025,36.6044,-121.6711,110.0,CA SALINAS 5.9 SSW                             
US1CAMT0027,36.3532,-121.8183,741.9,CA BIG SUR 7.2 NNW                             
US1CAMT0033,36.7282,-121.6562,32.0,CA SALINAS 3.2 NNW                             
US1CAMT0038,36.5794,-121.9184,209.1,CA DEL MONTE FOREST 1.6 ESE                    
US1CAMT0041,36.6732,-121.7836,41.5,CA MARINA 0.8 SSE                              
US1CAMT0042,36.3539,-121.5766,940.0,CA CARMEL VALLEY VILLAGE 12.2 SE               
US1CAMT0043,36.6027,-121.9409,41.8,CA PACIFIC GROVE 1.6 SSW                       
US1CAMT0046,35.8437,-121.3965,252.4,CA CAMBRIA 27.2 NW                             
US1CAMT0048,36.6889,-121.7915,18.0,CA MARINA 0.4 N                                
US1CAMT0049,36.6115,-121.908,73.2,CA MONTEREY 1.6 WNW                            
US1CANP0003,38.5764,-122.578,106.1,CA CALISTOGA 0.4 SSE                           
US1CANP0007,38.4891,-122.4623,75.6,CA ST. HELENA 1.1 S                            
US1CANP0014,38.3297,-122.3075,18.3,CA NAPA 2.2 N                                  
US1CANV0001,39.3067,-121.0399,728.5,CA NEVADA CITY 3.4 NNW                         
US1CANV0010,39.1043,-121.0565,656.5,CA ALTA SIERRA 1.3 S                           
US1CANV0014,39.0322,-121.0774,480.4,CA LAKE OF THE PINES 1.0 WSW                   
US1CANV0016,39.1198,-121.0599,702.0,CA ALTA SIERRA 0.4 WSW                         
US1CANV0022,39.2683,-121.1211,604.1,CA NEVADA CITY 5.4 W                           
US1CANV0035,39.2382,-121.0463,848.0,CA GRASS VALLEY 1.3 NNE                        
US1CANV0036,39.1943,-121.0917,711.4,CA GRASS VALLEY 2.7 SW                         
US1CANV0041,39.2384,-121.0058,965.6,CA NEVADA CITY 1.7 SSE                         
US1CANV0042,39.1071,-121.0082,665.1,CA GRASS VALLEY 8.3 SSE                        
US1CANV0047,39.3647,-120.1039,1813.0,CA TRUCKEE 5.9 ENE                             
US1CANV0050,39.2603,-121.1972,401.1,CA PENN VALLEY 4.4 N                           
US1CANV0051,39.3498,-120.1993,1977.2,CA TRUCKEE 1.6 N                               
US1CANV0052,39.2176,-121.0522,763.5,CA GRASS VALLEY 0.4 SE                         
US1CANV0053,39.2709,-120.9491,974.1,CA NEVADA CITY 3.9 E                           
US1CAOR0001,33.8291,-117.77,247.2,CA ORANGE 3.5 ENE                              
US1CAOR0005,33.5285,-117.7203,145.4,CA LAGUNA NIGUEL 0.9 W                         
US1CAOR0006,33.7455,-117.6199,424.9,CA SILVERADO 1.0 ESE                           
US1CAOR0009,33.4977,-117.7387,59.1,CA LAGUNA BEACH 3.2 SSE                        
US1CAOR0015,33.6516,-117.8919,21.6,CA COSTA MESA 1.6 SE                           
US1CAOR0016,33.5894,-117.8652,25.6,CA NEWPORT BEACH 3.1 ESE                       
US1CAOR0019,33.5954,-117.6442,214.6,CA MISSION VIEJO 1.3 SSE                       
US1CAOR0021,33.8632,-117.7918,90.8,CA ANAHEIM 4.9 ENE                             
US1CAOR0025,33.6399,-117.8381,58.8,CA IRVINE 2.9 WSW                              
US1CAOR0026,33.5633,-117.6394,186.8,CA MISSION VIEJO 3.5 SSE(K6WTA)                
US1CAOR0027,33.7183,-117.7721,46.3,CA IRVINE 4.1 NNE                              
US1CAOR0028,33.7753,-117.9462,25.9,CA GARDEN GROVE 0.8 ESE                        
US1CAOR0031,33.8261,-117.7781,197.8,CA ORANGE 3.0 ENE                              
US1CAOR0037,33.746,-117.6217,438.6,CA SILVERADO 0.9 E                             
US1CAOR0039,33.8521,-117.7469,230.1,CA ANAHEIM 7.3 E                               
US1CAOR0041,33.69,-117.6604,303.9,CA PORTOLA HILLS 1.7 WNW                       
US1CAOR0042,33.7655,-117.8878,33.5,CA SANTA ANA 2.0 N                             
US1CAOR0043,33.6852,-117.9743,4.0,CA HUNTINGTON BEACH 2.0 ESE                    
US1CAOR0049,33.6654,-117.5891,320.6,CA TRABUCO CANYON 0.2 N                        
US1CAOR0050,33.5289,-117.757,234.7,CA LAGUNA BEACH 0.8 SSE                        
US1CAOR0052,33.8167,-118.055,8.5,CA CYPRESS 1.0 W                               
US1CAOR0058,33.6501,-117.5939,326.1,CA RANCHO SANTA MARGARITA 0.8 NE               
US1CAOR0059,33.6266,-117.6994,122.5,CA LAKE FOREST 1.5 SSW                         
US1CAOR0060,33.4865,-117.691,114.9,CA DANA POINT 2.1 N                            
US1CAOR0061,33.8295,-118.047,14.6,CA CYPRESS 1.1 NNW (KB6CYS)                    
US1CAOR0067,33.8532,-118.0489,18.6,CA LA PALMA 0.6 WNW                            
US1CAOR0070,33.5007,-117.6685,33.2,CA SAN JUAN CAPISTRANO 0.9 W                   
US1CAOR0071,33.659,-117.8282,27.1,CA IRVINE 1.9 W                                
US1CAOR0072,33.873,-117.7995,96.3,CA YORBA LINDA 2.2 WSW                         
US1CAOR0076,33.4267,-117.623,34.1,CA SAN CLEMENTE 1.6 SSW                        
US1CAOR0077,33.7886,-117.7924,117.3,CA ORANGE 2.1 ESE                              
US1CAOR0079,33.6131,-117.8883,27.4,CA NEWPORT BEACH 1.2 E                         
US1CAOR0080,33.7504,-118.0201,8.2,CA HUNTINGTON BEACH 4.1 N                      
US1CAPC0001,39.3021,-120.3837,2099.2,CA SODA SPRINGS 1.5 SSW                        
US1CAPC0007,38.7802,-121.3766,29.3,CA ROSEVILLE 4.7 WNW                           
US1CAPC0010,38.8472,-121.1584,185.9,CA PENRYN 0.4 SE                               
US1CAPC0011,39.061,-120.9911,633.1,CA COLFAX 3.1 SW                               
US1CAPC0013,38.851,-121.123,243.8,CA NEWCASTLE 1.6 SSE                           
US1CAPC0019,38.8175,-121.2436,167.6,CA ROCKLIN 1.1 N                               
US1CAPC0021,38.7399,-121.2575,47.5,CA ROSEVILLE 2.4 SE                            
US1CAPC0024,38.9962,-120.986,604.4,CA APPLEGATE 0.5 SE                            
US1CAPC0032,38.9629,-121.1153,376.7,CA AUBURN 5.3 NNW                              
US1CAPC0034,38.8684,-121.1366,251.2,CA NEWCASTLE 0.4 SSW                           
US1CAPC0035,38.8088,-121.286,39.6,CA ROCKLIN 2.5 W                               
US1CAPC0037,38.9602,-121.0923,440.4,CA AUBURN 4.8 N                                
US1CAPC0045,38.8812,-121.3215,39.9,CA LINCOLN 1.3 SSW                             
US1CAPC0047,38.9104,-121.3282,41.8,CA LINCOLN 1.0 NW                              
US1CAPC0049,38.7934,-121.1682,146.6,CA LOOMIS 1.8 SE                               
US1CAPM0002,39.9191,-121.1001,1352.7,CA MEADOW VALLEY 5.6 WSW                       
US1CAPM0009,39.8179,-120.3158,1511.5,CA BECKWOURTH 3.3 E                            
US1CARV0003,33.8212,-116.3978,77.4,CA THOUSAND PALMS 0.7 W                        
US1CARV0005,33.7527,-116.9196,517.6,CA HEMET 4.1 ENE                               
US1CARV0008,33.7307,-117.4276,427.9,CA CORONA 12.8 SE                              
US1CARV0010,33.769,-117.0923,685.2,CA HOMELAND 1.7 NNE                            
US1CARV0012,33.6574,-117.3808,413.3,CA LAKE ELSINORE 3.5 WSW                       
US1CARV0015,33.908,-117.548,201.5,CA NORCO 1.2 S                                 
US1CARV0018,33.9543,-117.012,771.8,CA BEAUMONT 2.5 NW                             
US1CARV0019,33.9793,-117.4541,256.3,CA RIVERSIDE 3.8 NW                            
US1CARV0020,33.9059,-117.5178,332.5,CA NORCO 2.3 SE                                
US1CARV0027,33.5838,-117.1404,399.9,CA MURRIETA 4.3 ENE                            
US1CARV0028,33.9254,-117.5816,190.8,CA NORCO 1.7 W                                 
US1CARV0034,33.8209,-117.4051,483.4,CA PERRIS 10.6 W                               
US1CARV0036,34.0158,-117.4498,288.3,CA SUNNYSLOPE 1.6 W                            
US1CARV0038,33.9406,-117.2964,468.2,CA RIVERSIDE 5.8 E                             
US1CARV0039,33.9979,-116.9863,1086.0,CA YUCAIPA 4.1 SE                              
US1CARV0043,33.6081,-117.1878,525.2,CA MURRIETA 3.6 NNE                            
US1CARV0045,33.9612,-116.9918,805.9,CA BEAUMONT 2.2 NNW                            
US1CARV0050,33.6153,-117.0911,433.4,CA WINCHESTER 6.5 S                            
US1CARV0053,33.9926,-117.3721,269.4,CA RIVERSIDE 3.9 NNE                           
US1CARV0058,33.7983,-117.0373,464.8,CA SAN JACINTO 4.2 W                           
US1CARV0060,33.6308,-117.3397,413.6,CA LAKE ELSINORE 2.8 SSW                       
US1CARV0061,33.9527,-117.0035,778.5,CA BEAUMONT 2.0 NW                             
US1CARV0063,33.722,-116.9652,495.6,CA HEMET 2.0 ESE                               
US1CARV0064,33.6312,-117.2308,566.6,CA WILDOMAR 1.9 NE                             
US1CARV0065,33.9169,-116.9473,780.6,CA BEAUMONT 2.1 ESE                            
US1CARV0066,33.7986,-116.4418,107.0,CA RANCHO MIRAGE 3.0 NNW                       
US1CARV0067,33.9926,-117.4318,281.0,CA RUBIDOUX 0.6 WSW                            
US1CARV0071,33.7579,-117.0125,464.2,CA HEMET 2.0 NNW                               
US1CARV0072,33.7442,-116.3421,69.8,CA PALM DESERT 2.1 ENE                         
US1CARV0076,33.6096,-114.6258,82.9,CA BLYTHE 2.1 W                                
US1CARV0077,33.8204,-116.5304,140.8,CA PALM SPRINGS 3.1 N                          
US1CARV0078,33.8644,-117.6095,264.6,CA CORONA 2.3 W                                
US1CARV0079,33.6749,-116.3066,13.1,CA LA QUINTA 0.9 WNW                           
US1CARV0080,33.7622,-117.4538,350.8,CA CORONA 9.9 SE                               
US1CASA0001,38.6173,-121.3404,31.1,CA CARMICHAEL 1.6 SW                           
US1CASA0002,38.635,-121.3611,29.0,CA SACRAMENTO 8.0 NE                           
US1CASA0005,38.6429,-121.3059,39.6,CA CARMICHAEL 0.9 NE                           
US1CASA0006,38.6375,-121.3446,33.2,CA CARMICHAEL 1.4 W                            
US1CASA0007,38.66,-121.1395,110.3,CA FOLSOM 1.2 SSE                              
US1CASA0008,38.6211,-121.3189,32.9,CA CARMICHAEL 0.9 S                            
US1CASA0012,38.5499,-121.4374,10.4,CA SACRAMENTO 2.0 SE                           
US1CASA0029,38.6823,-121.1375,121.6,CA FOLSOM 0.6 NE                               
US1CASA0030,38.5753,-121.34,19.5,CA LA RIVIERA 1.0 NE                           
US1CASA0031,38.6754,-121.1556,102.1,CA FOLSOM 0.5 W                                
US1CASA0035,38.5804,-121.2812,31.7,CA RANCHO CORDOVA 1.5 SE                       
US1CASA0045,38.6619,-121.3002,52.7,CA FAIR OAKS 3.0 WNW                           
US1CASA0051,38.5905,-121.3935,15.8,CA SACRAMENTO 4.3 ENE                          
US1CASA0057,38.5625,-121.3712,14.3,CA SACRAMENTO 5.2 E                            
US1CASA0058,38.6271,-121.374,24.4,CA SACRAMENTO 6.5 NE                           
US1CASA0061,38.5701,-121.1965,74.1,CA RANCHO CORDOVA 5.9 ESE                      
US1CASA0062,38.5333,-121.4932,7.0,CA SACRAMENTO 2.7 SSW                          
US1CASA0063,38.598,-121.3135,23.2,CA RANCHO CORDOVA 0.7 WNW                      
US1CASA0070,38.6645,-121.3209,41.5,CA CARMICHAEL 2.1 N                            
US1CASA0071,38.6355,-121.5157,4.0,CA RIO LINDA 4.8 SW                            
US1CASB0001,34.4397,-119.8961,48.2,CA GOLETA 3.7 WNW                              
US1CASB0005,34.9589,-120.4186,71.6,CA SANTA MARIA 1.8 NE                          
US1CASB0007,34.6166,-120.1988,110.6,CA BUELLTON 0.7 S                              
US1CASB0017,34.4355,-119.7735,24.1,CA SANTA BARBARA 3.0 W                         
US1CASB0020,34.6556,-120.4768,21.0,CA LOMPOC 0.5 SW                               
US1CASC0001,37.3848,-122.0752,33.2,CA MOUNTAIN VIEW 1.2 S                         
US1CASC0003,37.3647,-122.0042,25.9,CA SUNNYVALE 1.9 SE                            
US1CASC0004,37.305,-121.775,68.0,CA SAN JOSE 5.4 SW                             
US1CASC0005,37.2324,-121.9902,142.3,CA MONTE SERENO 0.4 SSW                        
US1CASC0006,37.092,-121.6324,103.0,CA MORGAN HILL 2.7 S                           
US1CASC0010,37.2714,-121.8765,49.4,CA SAN JOSE 2.7 SSW                            
US1CASC0011,37.2341,-121.8974,76.8,CA CAMBRIAN PARK 2.2 SE                        
US1CASC0012,37.319,-121.7887,61.0,CA SAN JOSE 3.5 ENE                            
US1CASC0015,37.2748,-122.0227,113.7,CA SARATOGA 0.5 N                              
US1CASC0027,37.3859,-121.824,89.3,CA SAN JOSE 5.8 NNE                            
US1CASC0032,37.3185,-121.9608,42.4,CA SAN JOSE 6.2 W                              
US1CASC0040,37.156,-121.9875,506.6,CA LOS GATOS 5.4 SSW                           
US1CASC0041,37.3865,-122.1355,59.1,CA LOS ALTOS HILLS 1.3 N                       
US1CASC0042,37.3344,-122.018,51.8,CA SUNNYVALE 3.6 S (W6NW)                      
US1CASC0045,37.1168,-121.6591,132.0,CA MORGAN HILL 1.4 SW                          
US1CASC0048,37.1864,-121.5462,799.8,CA MORGAN HILL 6.4 NE                          
US1CASC0052,37.2884,-121.8772,43.0,CA SAN JOSE 1.9 SW                             
US1CASC0053,37.1039,-121.8896,670.3,CA LOS GATOS 9.6 SSE                           
US1CASC0054,37.0092,-121.577,64.3,CA GILROY 0.1 SE                               
US1CASC0057,37.1725,-121.703,94.5,CA MORGAN HILL 4.5 NW                          
US1CASC0060,37.3866,-122.0766,30.5,CA MOUNTAIN VIEW 1.1 S                         
US1CASC0063,36.9811,-121.572,67.4,CA GILROY 2.0 S                                
US1CASC0064,37.3451,-122.0836,84.4,CA LOS ALTOS 1.8 SSE                           
US1CASC0069,37.3456,-121.8935,23.2,CA SAN JOSE 3.7 NW                             
US1CASC0070,37.0621,-121.5543,87.5,CA GILROY 3.8 NNE                              
US1CASD0001,33.1472,-117.1316,203.0,CA SAN MARCOS 2.5 ENE                          
US1CASD0006,32.8112,-116.9254,185.9,CA EL CAJON 2.3ENE                             
US1CASD0007,33.0499,-117.2368,58.8,CA ENCINITAS 3.34ENE                           
US1CASD0008,33.1852,-117.1282,449.3,CA ESCONDIDO 5.2NNW                            
US1CASD0009,32.7907,-116.987,221.6,CA EL CAJON 1.5WSW                             
US1CASD0010,33.1055,-117.0482,210.3,CA ESCONDIDO 2.5 SSE                           
US1CASD0011,33.0757,-117.292,57.3,CA ENCINITAS 2.7N                              
US1CASD0012,32.9956,-117.0044,367.6,CA POWAY 3.2NE                                 
US1CASD0014,33.2225,-116.3904,236.8,CA BORREGO SPRINGS 2.4 WSW                     
US1CASD0015,32.8254,-117.2397,154.8,CA LA JOLLA 2.5SE                              
US1CASD0018,32.6381,-116.9753,169.2,CA CHULA VISTA 6.3E                            
US1CASD0022,32.9491,-117.0588,135.3,CA POWAY 1.4SW                                 
US1CASD0023,33.0267,-117.2712,81.1,CA CARDIFF BY THE SEA 0.2 E                    
US1CASD0024,32.6168,-117.0519,81.1,CA CHULA VISTA 2.5SE                           
US1CASD0027,32.7465,-117.1098,104.9,CA SAN DIEGO 3.5NE                             
US1CASD0029,32.8057,-117.0732,73.8,CA SAN DIEGO 7.9NE                             
US1CASD0030,32.8257,-117.2501,149.7,CA LA JOLLA 2.1 SE                             
US1CASD0035,33.0184,-117.0666,147.2,CA RANCHO BERNARDO 0.5SE                       
US1CASD0040,32.7698,-116.9593,224.9,CA EL CAJON 2.3 S                              
US1CASD0047,32.6044,-117.0508,61.0,CA CHULA VISTA 3.1SE                           
US1CASD0049,32.8168,-117.0586,89.0,CA SAN DIEGO 9NE                               
US1CASD0051,32.9058,-116.6255,999.1,CA DESCANSO 3.7 NNW                            
US1CASD0052,33.0261,-117.0466,225.2,CA POWAY 4.7NNW                                
US1CASD0053,33.0158,-116.8068,449.3,CA SAN DIEGO COUNTRY ESTATES 1.5               
US1CASD0054,32.8538,-116.6212,1049.1,CA DESCANSO 0.3 WNW                            
US1CASD0055,32.7348,-117.2447,76.5,CA SAN DIEGO 5.2WNW                            
US1CASD0057,33.1862,-117.2311,153.9,CA VISTA 1.2SE                                 
US1CASD0059,33.1474,-117.0656,223.7,CA ESCONDIDO 0.8 NNE                           
US1CASD0060,32.8428,-117.2208,86.6,CA SAN DIEGO 9.5 NNW                           
US1CASD0061,32.7724,-116.9197,209.1,CA EL CAJON 2.8SE                              
US1CASD0063,33.0563,-116.9925,483.1,CA ESCONDIDO 7.2 SE                            
US1CASD0074,33.0139,-117.1062,209.4,CA RANCHO BERNARDO 1.9WSW                      
US1CASD0076,33.2499,-117.2559,57.6,CA OCEANSIDE 8.1ENE                            
US1CASD0080,32.9173,-117.1626,123.7,CA SAN DIEGO 13.9N                             
US1CASD0086,33.1658,-117.3307,59.1,CA CARLSBAD 1.3ENE                             
US1CASD0090,32.7698,-116.9788,309.1,CA LA MESA 2.6E                                
US1CASD0096,33.1466,-117.2106,200.3,CA SAN MARCOS 2.6W                             
US1CASD0097,33.0794,-117.2419,67.7,CA CARLSBAD 8.3SE                              
US1CASD0099,32.7797,-116.9103,238.7,CA EL CAJON 3.2ESE                             
US1CASD0100,32.6313,-117.0314,100.6,CA CHULA VISTA 3.1ESE                          
US1CASD0101,33.3108,-117.0409,413.6,CA VALLEY CENTER 6.4N                          
US1CASD0103,32.9087,-116.888,511.8,CA LAKESIDE 4.1NNE                             
US1CASD0104,32.8651,-116.6175,1062.8,CA DESCANSO 0.8 N                              
US1CASD0105,32.6447,-116.3478,1073.2,CA BOULEVARD 4.4 WSW                           
US1CASD0109,32.9391,-117.2292,24.7,CA SAN DIEGO 10.2 NNW                          
US1CASD0110,32.7597,-117.0281,160.9,CA LA MESA 0.9 SW                              
US1CASD0114,33.0361,-117.0457,197.5,CA POWAY 3.9 NNW                               
US1CASD0115,32.7502,-117.2456,7.3,CA SAN DIEGO 7.8 SW                            
US1CASD0117,32.6212,-116.1902,859.8,CA JACUMBA 0.3 NNW                             
US1CASD0120,32.8257,-117.1993,103.9,CA N CLAIREMONT 0.6SSE                         
US1CASD0123,33.3422,-117.1648,125.0,CA FALLBROOK 4.6 ESE                           
US1CASD0128,33.1227,-117.2278,178.9,CA SAN MARCOS 3.3 WSW                          
US1CASD0130,33.1934,-116.2786,175.0,CA BORREGO SPRINGS 7.1SE                       
US1CASD0131,32.7646,-117.0689,140.8,CA MID-CITY SAN DIEGO 0.5W                     
US1CASD0132,32.9083,-116.6227,1014.1,CA DESCANSO 3.7N                               
US1CASD0133,32.7813,-117.1867,93.6,CA CLAIREMONT 3.7SSE                           
US1CASD0140,32.7221,-117.1327,67.1,CA SAN DIEGO 1.8NE                             
US1CASD0142,32.8737,-116.976,155.1,CA SANTEE 2.4NNE                               
US1CASD0146,32.9725,-117.265,2.7,CA DEL MAR 0.5 NNW                             
US1CASD0147,32.7345,-117.0448,142.0,CA LEMON GROVE 0.7 W                           
US1CASD0148,33.1311,-117.1081,221.3,CA ESCONDIDO 2.2 W                             
US1CASD0157,32.7358,-117.0483,135.3,CA LEMON GROVE 0.9 W                           
US1CASD0162,32.8665,-116.8509,315.8,CA EL CAJON 7.8 NE                             
US1CASD0164,32.7722,-116.998,205.7,CA LA MESA 1.2 E                               
US1CASD0165,32.8549,-116.9941,129.8,CA SANTEE 0.7 W                                
US1CASD0172,32.8276,-117.0779,217.9,CA SAN DIEGO 3.5 ENE                           
US1CASD0173,32.8139,-117.1693,111.6,CA SAN DIEGO 1.9 W                             
US1CASD0180,32.8153,-116.9269,194.2,CA EL CAJON 2.2 ENE                            
US1CASD0181,32.724,-117.0617,126.2,CA SAN DIEGO 7.6 SE                            
US1CASD0182,32.7263,-117.0273,132.6,CA LEMON GROVE 0.6 SE                          
US1CASD0184,33.1063,-117.1037,201.8,CA ESCONDIDO 2.8 SW                            
US1CASD0185,32.767,-116.9378,200.9,CA EL CAJON 2.8 SSE                            
US1CASD0186,33.0256,-116.8976,425.2,CA RAMONA 1.8 WSW                              
US1CASD0191,33.1632,-117.315,44.8,CA CARLSBAD 3.2 NNW                            
US1CASD0193,33.0045,-117.2503,68.6,CA SOLANA BEACH 0.7 NNE                        
US1CASD0195,33.3142,-116.8644,1591.7,CA VALLEY CENTER 10.9 NE                       
US1CASD0197,33.1305,-117.0676,205.1,CA ESCONDIDO 0.5 SSE                           
US1CASD0199,33.274,-117.2713,111.9,CA BONSALL 3.0 W                               
US1CASD0202,33.1903,-117.2517,118.6,CA VISTA 0.8 W                                 
US1CASD0203,32.8603,-116.8249,366.1,CA EL CAJON 8.8 ENE                            
US1CASD0206,33.1852,-117.2368,161.5,CA VISTA 0.3 SSE                               
US1CASD0207,33.159,-117.266,124.4,CA OCEANSIDE 5.2 SSE                           
US1CASD0209,32.7564,-116.938,159.4,CA EL CAJON 3.5 SSE                            
US1CASF0004,37.765,-122.4348,59.1,CA SAN FRANCISCO 1.1 SW                        
US1CASF0014,37.7598,-122.5065,11.6,CA SAN FRANCISCO 4.9 WSW                       
US1CASF0017,37.759,-122.3975,65.5,CA SAN FRANCISCO 1.6 SE                        
US1CASH0002,40.3971,-122.276,137.8,CA COTTONWOOD 0.5 NNE                          
US1CASH0006,40.5239,-121.7957,1208.2,CA SHINGLETOWN 5.3 ENE                         
US1CASH0010,40.6721,-122.2913,207.6,CA REDDING 7.9 NNE                             
US1CASH0011,40.6261,-122.3585,188.4,CA REDDING 3.7 N                               
US1CASH0018,40.6235,-122.3536,184.1,CA REDDING 3.6 N                               
US1CASH0022,40.6075,-122.3472,179.8,CA REDDING 2.6 NNE                             
US1CASH0030,40.4785,-122.2606,124.7,CA ANDERSON 2.6 NE                             
US1CASH0051,40.5181,-122.3692,135.3,CA REDDING 3.8 S                               
US1CASH0056,40.6024,-122.4007,201.5,CA REDDING 2.8 NW                              
US1CASH0057,40.3777,-122.3392,140.2,CA COTTONWOOD 3.2 WSW                          
US1CASH0059,40.5195,-121.834,1157.0,CA SHINGLETOWN 3.5 ENE                         
US1CASH0060,40.6371,-122.2552,207.9,CA REDDING 7.3 NE                              
US1CASH0067,40.6796,-121.8727,820.8,CA WHITMORE 4.1 NNE                            
US1CASH0068,40.5446,-122.1734,154.2,CA MILLVILLE 3.6 SW                            
US1CASH0069,40.4988,-121.8433,1110.4,CA SHINGLETOWN 2.5 E                           
US1CASH0071,40.4319,-121.9958,296.6,CA PAYNES CREEK 7.9 NNW                        
US1CASH0074,40.4472,-122.4089,233.2,CA ANDERSON 6.0 W                              
US1CASH0077,40.5188,-122.3685,135.9,CA REDDING 3.7 S                               
US1CASH0078,40.5456,-122.5785,595.6,CA IGO 3.4 NW                                  
US1CASJ0001,38.0627,-121.0079,44.5,CA LINDEN 5.8 ENE                              
US1CASJ0004,38.0381,-121.2547,10.7,CA STOCKTON 5.8 NNE                            
US1CASJ0005,38.136,-121.3044,13.1,CA LODI 1.0 NNW                                
US1CASJ0011,38.0011,-121.3665,0.3,CA STOCKTON 2.5 NE                             
US1CASJ0014,37.7232,-121.4403,23.8,CA TRACY 1.1 SSW                               
US1CASJ0015,37.8208,-121.2255,14.0,CA MANTECA 1.3 N                               
US1CASJ0017,38.1757,-121.0563,66.4,CA CLEMENTS 2.0 ESE                            
US1CASK0003,41.4949,-122.3697,933.9,CA WEED 5.4 N                                  
US1CASK0004,41.5108,-122.9234,904.0,CA ETNA 3.9 NNW                                
US1CASK0005,41.7326,-122.6495,820.5,CA YREKA 0.9 WNW                               
US1CASK0009,41.2688,-123.3336,507.2,CA FORKS OF SALMON 1.0 NW                      
US1CASK0010,41.9633,-121.923,1295.1,CA DORRIS 0.2 SW                               
US1CASK0011,41.2988,-122.3031,1095.1,CA MOUNT SHASTA 1.7 SSE                        
US1CASK0014,41.3923,-123.4964,217.0,CA SOMES BAR 1.5 NW                            
US1CASK0020,41.6323,-122.5373,807.7,CA GRENADA 0.8 SW                              
US1CASK0024,41.3332,-122.3062,1193.9,CA MOUNT SHASTA 0.9 NNE                        
US1CASK0026,41.3378,-122.8251,923.2,CA CALLAHAN 2.3 NNW                            
US1CASK0027,41.383,-123.5167,648.0,CA KARUK SOMES BAR 2.2 WNW                     
US1CASL0008,35.3295,-120.8324,23.5,CA LOS OSOS 0.5 N                              
US1CASL0010,35.5034,-120.7376,427.6,CA ATASCADERO 3.1 WNW                          
US1CASL0016,35.5432,-121.0873,65.2,CA CAMBRIA 0.5 WSW                             
US1CASL0018,35.3021,-120.6813,98.8,CA SAN LUIS OBISPO 2.2 NNW                     
US1CASL0025,35.5554,-120.7011,239.6,CA TEMPLETON 0.4 ENE                           
US1CASL0026,35.1554,-120.6691,22.6,CA SHELL BEACH 0.2 ENE                         
US1CASL0031,35.3119,-120.8543,24.7,CA BAYWOOD-LOS OSOS 0.9 WNW                    
US1CASM0001,37.6121,-122.4825,69.2,CA PACIFICA 0.3 W                              
US1CASM0005,37.4766,-122.187,7.6,CA MENLO PARK 2.4 W                            
US1CASM0006,37.5488,-122.2587,2.1,CA FOSTER CITY 1.3 SW                          
US1CASM0007,37.463,-122.4408,16.5,CA HALF MOON BAY 0.5 SSW                       
US1CASM0008,37.4931,-122.2399,5.2,CA REDWOOD CITY 2.5 SW                         
US1CASM0009,37.3819,-122.1976,161.8,CA PORTOLA VALLEY 1.3 ENE                      
US1CASM0013,37.5842,-122.3976,136.2,CA BURLINGAME 2.0 WSW                          
US1CASM0015,37.5185,-122.3432,178.3,CA SAN MATEO 3.4 SSW                           
US1CASM0016,37.4777,-122.4454,11.0,CA HALF MOON BAY 0.7 NW                        
US1CASM0018,37.5085,-122.479,23.8,CA EL GRANADA 0.7 W                            
US1CASM0019,37.455,-122.4383,19.8,CA HALF MOON BAY 1.0 S                         
US1CASM0022,37.3754,-122.2637,485.2,CA WOODSIDE 3.4 S                              
US1CASM0025,37.4744,-122.2337,9.4,CA REDWOOD CITY 3.3 SSW                        
US1CASM0032,37.5684,-122.3012,1.5,CA SAN MATEO 0.8 NE                            
US1CASM0033,37.5838,-122.4792,90.5,CA PACIFICA 1.9 S                              
US1CASM0034,37.4637,-122.1372,4.6,CA EAST PALO ALTO 0.3 WSW                      
US1CASM0037,37.4532,-122.341,605.3,CA WOODSIDE 4.9 WNW                            
US1CASM0038,37.4996,-122.2689,31.1,CA SAN CARLOS 0.2 NW                           
US1CASM0039,37.585,-122.3763,21.6,CA BURLINGAME 0.8 WSW                          
US1CASM0042,37.5172,-122.2982,127.7,CA BELMONT 0.2 NW                              
US1CASN0006,38.4514,-122.7577,32.6,CA SANTA ROSA 3.1 W                            
US1CASN0013,38.4323,-122.7455,37.5,CA SANTA ROSA 2.7 WSW                          
US1CASN0016,38.3753,-122.9035,128.9,CA SEBASTOPOL 4.5 WSW                          
US1CASN0021,38.5551,-122.8227,37.5,CA WINDSOR 1.5 WNW                             
US1CASN0029,38.781,-122.963,242.9,CA CLOVERDALE 3.2 ESE                          
US1CASN0039,38.2334,-122.6563,47.9,CA PETALUMA 1.8 WSW                            
US1CASN0042,38.4713,-122.6552,89.0,CA SANTA ROSA 2.9 ENE                          
US1CASN0049,38.3842,-122.8191,51.2,CA SEBASTOPOL 1.1 SSE                          
US1CASN0050,38.5617,-122.8055,47.2,CA WINDSOR 1.2 NNW                             
US1CASN0051,38.6934,-122.9627,61.9,CA HEALDSBURG 7.5 NW                           
US1CASN0053,38.4728,-122.664,83.2,CA SANTA ROSA 2.6 NE                           
US1CASN0061,38.464,-122.715,52.7,CA SANTA ROSA 1.3 NW                           
US1CASN0062,38.2262,-122.6391,11.0,CA PETALUMA 1.3 SW                             
US1CASN0063,38.5534,-122.7929,47.9,CA WINDSOR 0.6 NNE                             
US1CASN0070,38.3651,-122.5718,291.4,CA GLEN ELLEN 1.9 WNW                          
US1CASN0071,38.3392,-122.7113,29.3,CA ROHNERT PARK 0.9 SW                         
US1CASN0074,38.6476,-122.9207,43.3,CA HEALDSBURG 3.7 WNW                          
US1CASN0078,38.799,-123.0277,116.4,CA CLOVERDALE 0.6 W                            
US1CASN0080,38.3778,-122.5343,102.7,CA GLEN ELLEN 1.5 N                            
US1CASN0081,38.47,-122.6589,85.6,CA SANTA ROSA 2.7 ENE                          
US1CASN0084,38.3163,-122.4726,89.9,CA BOYES HOT SPRINGS 0.5 ENE                   
US1CASN0088,38.3653,-122.9738,187.1,CA OCCIDENTAL 2.8 SW                           
US1CASN0089,38.7839,-122.9628,312.7,CA HEALDSBURG 12.6 NNW                         
US1CASN0090,38.4733,-122.8974,61.3,CA FORESTVILLE 0.7 SW                          
US1CASN0093,38.3124,-123.0177,68.9,CA BODEGA BAY 1.0 SE                           
US1CASN0096,38.5653,-123.2058,196.6,CA CAZADERO 6.9 WNW                            
US1CASN0098,38.5319,-123.1886,369.1,CA CAZADERO 5.6 W                              
US1CASN0099,38.4847,-123.0046,21.0,CA GUERNEVILLE 2.0 SSW                         
US1CASN0100,38.3823,-122.5507,111.3,CA GLEN ELLEN 1.9 NNW                          
US1CASN0103,38.515,-123.0779,54.6,CA CAZADERO 1.3 SSE                            
US1CASN0104,38.4351,-122.5515,149.4,CA KENWOOD 1.4 NNW                             
US1CASN0106,38.5616,-123.2005,280.1,CA CAZADERO 6.6 WNW                            
US1CASN0112,38.4699,-122.7333,41.8,CA SANTA ROSA 2.3 NW                           
US1CASN0114,38.6605,-122.8639,53.9,CA HEALDSBURG 2.9 N                            
US1CASN0115,38.2858,-122.4562,24.1,CA SONOMA 0.4 SSE                              
US1CASN0116,38.4492,-122.6691,67.1,CA SANTA ROSA 1.7 E                            
US1CASN0117,38.3918,-122.8501,54.3,CA SEBASTOPOL 1.4 WSW                          
US1CASN0121,38.4777,-122.69,196.0,CA SANTA ROSA 2.1 NNE                          
US1CASN0122,38.513,-122.9992,17.7,CA GUERNEVILLE 0.8 N                           
US1CASN0123,38.3717,-122.6499,203.6,CA ROHNERT PARK 3.1 ENE                        
US1CASN0125,38.3351,-123.0473,26.5,CA BODEGA BAY 1.3 NW                           
US1CASN0126,38.4392,-122.6029,129.2,CA SANTA ROSA 5.3 E                            
US1CASN0128,38.4129,-122.9559,244.1,CA OCCIDENTAL 1.6 NW                           
US1CASN0130,38.5085,-122.8857,24.1,CA HEALDSBURG 7.7 S                            
US1CASN0131,38.3138,-122.7038,58.5,CA COTATI 1.0 SSE                              
US1CASN0133,38.4108,-122.9653,306.6,CA OCCIDENTAL 1.8 NW                           
US1CASN0136,38.2964,-122.4882,31.4,CA SONOMA 1.6 WNW                              
US1CASN0139,38.6259,-122.855,103.0,CA HEALDSBURG 0.7 NE                           
US1CASN0141,38.3996,-122.9397,134.1,CA OCCIDENTAL 0.3 NNW                          
US1CASN0142,38.436,-122.862,64.0,CA SEBASTOPOL 3.2 NW                           
US1CASN0143,38.4215,-122.6695,57.9,CA SANTA ROSA 2.5 SE                           
US1CASN0148,38.4097,-122.9649,299.3,CA OCCIDENTAL 1.8 NW                           
US1CASN0149,38.7795,-123.0145,111.9,CA CLOVERDALE 1.4 S                            
US1CASN0151,38.3862,-122.9099,148.1,CA OCCIDENTAL 1.6 ESE                          
US1CASN0152,38.3626,-122.5275,87.2,CA GLEN ELLEN 0.8 NE                           
US1CASN0153,38.3992,-122.8925,109.1,CA SEBASTOPOL 3.6 W                            
US1CASN0155,38.4079,-122.7325,34.1,CA ROSELAND 1.0 SSW                            
US1CASN0159,38.7894,-123.0248,117.0,CA CLOVERDALE 0.8 SSW                          
US1CASN0160,38.5458,-123.2856,107.9,CA TIMBER COVE 0.9 NW                          
US1CASN0164,38.4656,-122.9044,36.9,CA FORESTVILLE 1.4 SW                          
US1CASN0166,38.626,-122.8594,66.4,CA HEALDSBURG 0.6 NNE                          
US1CASN0168,38.4407,-122.7048,55.5,CA SANTA ROSA 0.6 SSW                          
US1CASO0001,38.0695,-122.1555,122.8,CA BENICIA 0.2 SSW                             
US1CASO0003,38.0753,-122.1778,92.7,CA BENICIA 1.3 W                               
US1CASO0006,38.0864,-122.157,75.0,CA BENICIA 1.0 N                               
US1CASO0007,38.2215,-122.143,1006.8,CA FAIRFIELD 5.9 WSW                           
US1CASO0010,38.0562,-122.1688,2.7,CA BENICIA 1.3 SW                              
US1CASO0012,38.3825,-122.0029,85.3,CA VACAVILLE 2.4 NW                            
US1CASO0014,38.361,-122.0084,67.1,CA VACAVILLE 2.3 W                             
US1CASO0016,38.3857,-121.9954,132.0,CA VACAVILLE 2.3 NW                            
US1CASR0005,34.5253,-117.4331,940.3,CA ADELANTO 3.1 S                              
US1CASR0009,34.5043,-117.1808,896.4,CA APPLE VALLEY 2.6 SE                         
US1CASR0014,34.0973,-116.3178,1039.1,CA JOSHUA TREE 2.0 S                           
US1CASR0017,34.1241,-116.0847,659.0,CA TWENTYNINE PALMS 1.5 SW                     
US1CASR0023,34.8667,-117.0592,795.2,CA BARSTOW 0.8 SSE                             
US1CASR0026,34.3725,-117.3404,1090.6,CA HESPERIA 3.9 SW                             
US1CASR0027,34.4849,-117.6442,1065.3,CA PINON HILLS 3.5 N                           
US1CASR0029,34.1442,-117.381,451.7,CA RIALTO 2.1 N                                
US1CASR0034,34.1223,-117.5977,420.3,CA RANCHO CUCAMONGA 1.6 W                      
US1CASR0035,34.9237,-117.0177,661.4,CA BARSTOW 4.2 NE                              
US1CASR0036,34.2712,-116.9383,2142.7,CA FAWNSKIN 0.3 NE                             
US1CASR0044,34.0542,-117.0383,846.1,CA YUCAIPA 1.5 NNE                             
US1CASR0046,34.1269,-116.3175,878.7,CA JOSHUA TREE 0.0 ESE                         
US1CASR0049,34.4383,-117.4637,1117.1,CA PHELAN 6.2 E                                
US1CASR0052,34.4067,-116.9486,1032.4,CA LUCERNE VALLEY 2.7 SSE                      
US1CASR0053,34.1443,-117.6491,542.2,CA UPLAND 1.8 NNE                              
US1CASR0055,34.195,-117.3502,528.8,CA SAN BERNARDINO 5.1 NW                       
US1CASR0058,34.2468,-117.1713,1682.2,CA LAKE ARROWHEAD 1.5 SE                       
US1CASR0066,34.5588,-117.1516,950.7,CA APPLE VALLEY 4.1 ENE                        
US1CASR0068,34.0089,-117.6534,220.7,CA CHINO 1.9 E                                 
US1CASR0069,34.4167,-117.5819,1297.2,CA WRIGHTWOOD 4.8 NE                           
US1CASR0072,34.1431,-116.0632,624.8,CA TWENTYNINE PALMS 0.3 NNE                    
US1CASR0073,34.1106,-117.1592,429.8,CA HIGHLAND 1.8 ESE                            
US1CASR0074,34.1308,-117.6644,509.6,CA UPLAND 0.9 NNW                              
US1CASR0077,34.465,-117.6076,1147.3,CA PINON HILLS 3.1 NE                          
US1CASR0079,34.4901,-117.3518,948.2,CA VICTORVILLE 2.6 SSW                         
US1CASR0083,34.068,-117.0241,927.5,CA YUCAIPA 2.7 NNE                             
US1CASR0084,34.2403,-117.2722,1395.1,CA CRESTLINE 1.4 ESE                           
US1CASR0085,34.0465,-117.1946,406.0,CA REDLANDS 1.6 WSW                            
US1CASS0001,37.7892,-120.7518,43.9,CA KNIGHTS FERRY 5.2 WSW                       
US1CASS0002,37.7819,-120.7769,70.7,CA OAKDALE 4.2 ENE                             
US1CASS0006,37.6931,-121.0565,23.8,CA MODESTO 4.1 NW                              
US1CASS0007,37.7945,-120.8239,61.0,CA OAKDALE 2.4 NE                              
US1CASS0010,37.6486,-120.9918,28.0,CA MODESTO 0.8 S                               
US1CAST0005,36.8422,-121.365,118.6,CA HOLLISTER 2.1 ESE                           
US1CAST0006,36.8544,-121.4035,99.4,CA HOLLISTER 0.3 WSW                           
US1CAST0008,36.9198,-121.3459,99.1,CA HOLLISTER 5.3 NNE                           
US1CAST0009,36.5174,-121.1355,362.1,CA SOLEDAD 12.0 ENE                            
US1CAST0010,36.9181,-121.3641,72.5,CA HOLLISTER 4.7 NNE                           
US1CASZ0006,37.1811,-122.0911,525.5,CA BOULDER CREEK 3.6 NE                        
US1CASZ0016,37.0195,-121.95,46.3,CA SOQUEL 1.8 N                                
US1CASZ0021,37.1693,-122.1641,266.7,CA BOULDER CREEK 3.0 NW                        
US1CASZ0024,37.1051,-122.0468,255.4,CA FELTON 4.5 NNE                              
US1CASZ0028,37.0022,-121.9363,126.2,CA SOQUEL 0.8 NE                               
US1CASZ0031,37.0124,-121.9008,183.2,CA APTOS 1.4 N                                 
US1CASZ0036,37.1953,-122.1406,299.9,CA BOULDER CREEK 4.1 N                         
US1CASZ0041,37.0554,-122.0328,113.4,CA SCOTTS VALLEY 1.4 W                         
US1CASZ0044,37.0976,-122.0487,326.4,CA FELTON 4.0 NNE                              
US1CASZ0045,36.9857,-121.9009,68.6,CA APTOS 0.4 S                                 
US1CASZ0047,37.0635,-122.1514,530.0,CA SANTA CRUZ 8.9 NW                           
US1CASZ0048,37.0723,-122.1362,572.4,CA SANTA CRUZ 8.8 NW                           
US1CASZ0049,37.0991,-122.1443,743.7,CA SANTA CRUZ 10.6 NW                          
US1CASZ0050,37.0415,-122.0746,101.5,CA FELTON 0.2 WSW                              
US1CASZ0051,36.9557,-121.8217,100.3,CA WATSONVILLE 3.9 NW                          
US1CASZ0052,36.9879,-122.0026,29.0,CA LIVE OAK 1.3 WNW                            
US1CASZ0053,36.9706,-122.0078,17.7,CA SANTA CRUZ 1.6 E                            
US1CASZ0055,36.9803,-122.0492,113.7,CA SANTA CRUZ 0.9 WNW                          
US1CASZ0057,36.9665,-121.8212,121.6,CA WATSONVILLE 4.4 NW                          
US1CASZ0058,36.9772,-122.028,19.5,CA SANTA CRUZ 0.5 ENE                          
US1CASZ0059,37.0553,-122.0068,184.4,CA SCOTTS VALLEY 0.1 SE                        
US1CASZ0060,37.0437,-121.9789,209.1,CA SANTA CRUZ 5.8 NNE                          
US1CATH0001,40.1788,-122.322,120.7,CA RED BLUFF 4.3 W                             
US1CATH0005,40.1591,-122.3515,127.4,CA RED BLUFF 6.0 W                             
US1CATH0006,40.287,-122.3333,193.5,CA COTTONWOOD 7.7 SSW                          
US1CATH0008,40.2242,-122.3603,169.8,CA RED BLUFF 7.2 WNW                           
US1CATH0010,40.369,-122.2009,172.8,CA COTTONWOOD 4.4 ESE                          
US1CATH0012,40.2821,-122.3784,194.8,CA COTTONWOOD 9.1 SW                           
US1CATH0014,40.1715,-122.3261,152.7,CA RED BLUFF 4.5 W                             
US1CATH0018,40.341,-122.3018,168.9,CA COTTONWOOD 3.6 SSW                          
US1CATH0019,40.2145,-122.2429,123.7,CA RED BLUFF 2.8 N                             
US1CATH0028,40.1111,-122.0838,78.9,CA LOS MOLINOS 5.8 N                           
US1CATH0029,40.3579,-122.3416,136.2,CA COTTONWOOD 3.9 SW                           
US1CATH0030,40.1237,-122.1747,80.8,CA RED BLUFF 4.9 SE                            
US1CATH0033,40.1943,-122.2048,83.8,CA RED BLUFF 2.4 NE                            
US1CATH0045,39.9302,-122.415,164.0,CA CORNING 12.4 W                              
US1CATH0049,40.3524,-122.1996,113.4,CA LAKE CALIFORNIA .4 NW                       
US1CATH0051,39.9214,-122.1585,92.4,CA CORNING 1.3 ESE                             
US1CATH0054,40.3527,-122.1966,108.8,CA COTTONWOOD 5.1 ESE                          
US1CATL0004,35.9499,-119.1495,114.0,CA TERRA BELLA 6.3 W                           
US1CATL0005,36.3153,-119.3176,96.9,CA VISALIA 0.7 SSE                             
US1CATL0011,36.4584,-118.8858,307.8,CA THREE RIVERS 1.7 NE                         
US1CATL0016,36.0933,-119.0506,128.6,CA PORTERVILLE 2.4 NNW                         
US1CATL0017,36.1113,-118.8248,285.6,CA SPRINGVILLE 1.4 SSW                         
US1CATL0024,36.3225,-119.3583,93.3,CA VISALIA 2.1 W                               
US1CATL0026,36.1726,-119.0811,120.1,CA LINDSAY 2.4 S                               
US1CATM0003,38.0239,-120.2533,984.8,CA TWAIN HARTE 1.6 SW                          
US1CATM0004,38.0417,-120.4247,709.0,CA COLUMBIA 1.6 NW                             
US1CATM0005,37.9919,-120.2374,888.5,CA TUOLUMNE CITY 2.0 N                         
US1CATM0007,37.9848,-120.3195,773.6,CA SONORA 3.4 E                                
US1CATY0005,40.8768,-123.5302,205.4,CA HAWKINS BAR 0.6 NW                          
US1CATY0006,40.3209,-123.3755,841.9,CA MAD RIVER 7.4 SE                            
US1CATY0011,40.9826,-122.6965,739.7,CA TRINITY CENTER 0.6 ESE                      
US1CATY0026,40.8902,-123.5613,232.3,CA SALYER 1.1 E                                
US1CATY0028,40.4286,-123.5204,771.8,CA MAD RIVER 1.7 SW                            
US1CATY0031,40.6095,-122.8238,859.8,CA DOUGLAS CITY 6.9 ESE                        
US1CATY0036,40.4646,-123.5313,778.5,CA MAD RIVER 1.7 WNW                           
US1CATY0037,40.7558,-123.0594,481.3,CA JUNCTION CITY 1.6 N                         
US1CATY0038,40.737,-122.9378,634.6,CA WEAVERVILLE 2.3 SSE                         
US1CATY0039,39.9809,-123.3608,544.4,CA COVELO 14.2 NNW                             
US1CAVT0001,34.1772,-118.8984,210.9,CA THOUSAND OAKS 2.1 WSW                       
US1CAVT0002,34.746,-119.1103,1607.5,CA FRAZIER PARK 10.7 WSW                       
US1CAVT0006,34.4513,-119.2511,242.9,CA OJAI 0.3 WNW                                
US1CAVT0012,34.2275,-119.0715,34.7,CA CAMARILLO 2.4 W                             
US1CAVT0016,34.2311,-119.0299,54.3,CA CAMARILLO 0.6 N                             
US1CAVT0017,34.181,-119.2142,4.3,CA PORT HUENEME 1.4 NNW                        
US1CAVT0018,34.2149,-118.8367,333.1,CA THOUSAND OAKS 2.3 NE                        
US1CAVT0019,34.227,-119.035,50.3,CA CAMARILLO 0.4 NW                            
US1CAVT0026,34.2957,-119.1558,60.4,CA VENTURA 4.5 ENE                             
US1CAVT0027,34.407,-119.2883,239.9,CA OAK VIEW 0.7 NE                             
US1CAVT0028,34.2227,-118.8637,276.1,CA THOUSAND OAKS 2.1 N                         
US1CAVT0029,34.282,-119.2515,98.8,CA VENTURA 1.4 WNW                             
US1CAVT0030,34.1793,-118.9294,202.4,CA CASA CONEJO 0.8 ESE                         
US1CAVT0031,34.4347,-119.1442,460.9,CA OJAI 5.9 E                                  
US1CAYB0001,39.4518,-121.2801,624.5,CA CHALLENGE-BROWNSVILLE 1.3 WSW               
US1CAYB0003,39.2241,-121.594,22.3,CA MARYSVILLE 5.0 N                            
US1CAYB0004,39.0135,-121.4243,25.9,CA WHEATLAND 0.1 ENE                           
US1CAYL0001,38.5425,-121.721,11.0,CA DAVIS 1.2 SE                                
US1CAYL0002,38.5618,-121.7241,12.5,CA DAVIS 0.8 NE                                
US1CAYL0009,38.5523,-121.7855,17.4,CA DAVIS 2.7 W                                 
US1CAYL0010,38.6471,-121.7322,11.6,CA WOODLAND 2.8 SE                             
US1CAYL0013,38.5405,-121.7107,16.5,CA DAVIS 1.7 SE                                
US1CAYL0014,38.5586,-121.778,16.8,CA DAVIS 2.3 W                                 
US1CAYL0019,38.5592,-121.7162,17.1,CA DAVIS 1.1 ENE                               
US1CAYL0021,38.5613,-121.8522,26.2,CA DAVIS 6.3 W                                 
US1CAYL0023,38.5744,-121.7512,17.4,CA DAVIS 1.6 NNW                               
US1CAYL0025,38.5946,-121.5208,6.1,CA WEST SACRAMENTO 3.0 NNE                     
US1CAYL0028,38.563,-121.7294,13.4,CA DAVIS 0.7 NNE                               
US1CAYL0029,38.655,-121.7452,15.5,CA WOODLAND 1.9 SE                             
USC00026250,34.1547,-114.2908,128.0,AZ PARKER                             HCN      
USC00040010,38.2178,-121.2014,26.5,CA ACAMPO 5NE                                  
USC00040029,41.1933,-120.9444,1280.8,CA ADIN RS                                     
USC00040136,32.8358,-116.7775,516.6,CA ALPINE                                      
USC00040144,34.1822,-118.1383,343.5,CA ALTADENA                                    
USC00040162,41.5147,-120.3642,1617.6,CA ALTURAS 9 ENE                               
USC00040176,34.5592,-115.7442,197.5,CA AMBOY                                       
USC00040192,33.8647,-117.8425,71.6,CA ANAHEIM                                     
USC00040212,38.5731,-122.4406,522.7,CA ANGWIN PACIFIC UNION COLLEGE                
USC00040232,37.9833,-121.7525,18.3,CA ANTIOCH PUMPING PLT #3                      
USC00040332,35.2111,-118.8336,137.2,CA ARVIN                                       
USC00040343,36.4914,-118.8253,520.6,CA ASH MTN                                     
USC00040383,38.9072,-121.0839,393.8,CA AUBURN                                      
USC00040444,35.4186,-119.0508,143.3,CA BAKERSFIELD 5 NW                            
USC00040449,36.9092,-119.0883,528.8,CA BALCH PWR HOUSE                             
USC00040521,34.8928,-117.0219,676.7,CA BARSTOW                                     
USC00040673,37.0856,-122.0797,128.0,CA BEN LOMOND #4                               
USC00040693,37.8744,-122.2606,94.5,CA BERKELEY                           HCN      
USC00040741,34.2431,-116.9169,2058.3,CA BIG BEAR LAKE                               
USC00040790,36.2472,-121.7803,61.0,CA BIG SUR STN                                 
USC00040798,34.2947,-118.1886,709.0,CA BIG TUJUNGA DAM FC46                        
USC00040820,37.2322,-118.5994,2581.7,CA ASPENDELL                                   
USC00040924,33.6139,-114.5978,81.7,CA BLYTHE                             HCN      
USC00040931,39.3886,-120.0936,1699.3,CA BOCA                                        
USC00040943,38.2119,-119.0142,2551.2,CA BODIE CALIFORNIA ST HISTORIC P              
USC00040983,33.2558,-116.4036,246.9,CA BORREGO DESERT PARK                         
USC00041018,39.4539,-120.6556,1641.3,CA BOWMAN DAM                                  
USC00041072,38.2575,-119.2286,1972.1,CA BRIDGEPORT                                  
USC00041149,40.8797,-121.9317,1127.8,CA BUCKHORN                                    
USC00041159,39.9372,-121.3147,576.4,CA BUCKS CREEK                                 
USC00041194,34.1867,-118.3481,199.6,CA BURBANK VALLEY PUMP PLT                     
USC00041244,35.4028,-119.47,68.6,CA BUTTONWILLOW                                
USC00041253,34.5822,-119.9817,240.5,CA CACHUMA LAKE                                
USC00041277,38.2769,-120.3114,1431.0,CA CALAVERAS BIG TREES                         
USC00041312,38.5769,-122.5781,106.7,CA CALISTOGA                                   
USC00041424,32.6264,-116.47,801.6,CA CAMPO                                       
USC00041428,38.2486,-120.8433,200.6,CA CAMP PARDEE                                 
USC00041497,40.1706,-121.0886,1389.9,CA CANYON DAM                                  
USC00041534,36.4806,-121.7244,146.3,CA CARMEL VALLEY                               
USC00041614,41.53,-120.1792,1428.9,CA CEDARVILLE                         HCN      
USC00041697,37.9747,-119.9161,1452.4,CA CHERRY VALLEY DAM                           
USC00041700,40.3033,-121.2422,1380.7,CA CHESTER                                     
USC00041715,39.6911,-121.8211,56.4,CA CHICO UNIV FARM                    HCN      
USC00041738,33.6617,-115.7206,520.0,CA CHIRIACO SUMMIT                             
USC00041758,32.64,-117.0858,17.1,CA CHULA VISTA                        HCN      
USC00041806,38.9239,-122.5672,411.2,CA CLEARLAKE 4 SE                              
USC00041838,38.7931,-123.0264,121.9,CA CLOVERDALE                                  
USC00041864,36.1356,-120.3606,204.2,CA COALINGA                                    
USC00041879,37.2119,-119.69,676.0,CA COARSEGOLD 4SE                              
USC00041907,40.4,-122.1433,128.0,CA COLEMAN FISHERIES STN                       
USC00041912,39.09,-120.9469,723.3,CA COLFAX                             HCN      
USC00041916,39.3308,-121.1922,181.4,CA COLGATE POWERHOUSE                          
USC00041948,39.1875,-122.0269,15.2,CA COLUSA 2 SSW                                
USC00041990,41.9797,-122.3381,812.3,CA COPCO #1 DAM                                
USC00042012,36.0975,-119.5817,61.0,CA CORCORAN IRRIG DIST                         
USC00042090,34.0917,-117.88,185.0,CA COVINA CITY YARD FC387B                     
USC00042214,34.005,-118.4139,28.0,CA CULVER CITY                                 
USC00042239,32.9897,-116.5872,1414.3,CA CUYAMACA                           HCN      
USC00042294,38.535,-121.7761,18.3,CA DAVIS 2 WSW EXP FARM               HCN      
USC00042319,36.4625,-116.8672,-59.1,CA DEATH VALLEY NP                    HCN      
USC00042327,33.6514,-116.3764,365.8,CA DEEP CANYON LAB                             
USC00042346,35.7683,-119.26,92.0,CA DELANO                                      
USC00042402,39.8717,-121.6108,826.0,CA DE SABLA                                    
USC00042500,39.5633,-120.8239,888.5,CA DOWNIEVILLE                                 
USC00042574,41.1831,-122.2817,661.1,CA DUNSMUIR TRTMT PL                           
USC00042598,33.8081,-115.4514,296.6,CA EAGLE MTN                                   
USC00042706,32.8006,-116.9281,150.9,CA EL CAJON                                    
USC00042709,32.8856,-116.815,182.9,CA EL CAPITAN DAM                              
USC00042713,32.7669,-115.5617,-9.1,CA EL CENTRO 2 SSW                             
USC00042805,33.6861,-117.3458,386.5,CA ELSINORE                                    
USC00042863,33.1211,-117.09,182.9,CA ESCONDIDO #2                                
USC00042920,37.585,-120.2672,134.7,CA EXCHEQUER DAM                               
USC00042934,38.2736,-122.0678,12.2,CA FAIRFIELD                                   
USC00042941,34.705,-118.4297,932.7,CA FAIRMONT                           HCN      
USC00042964,41.0081,-121.435,1005.8,CA FALL RVR MILLS                              
USC00043038,38.525,-120.6981,661.4,CA FIDDLETOWN DEXTER RCH                       
USC00043083,36.3642,-120.1561,86.9,CA FIVE POINTS 5 SSW                           
USC00043134,39.01,-120.8456,919.0,CA FORESTHILL RS                               
USC00043157,41.8714,-120.1575,1444.4,CA FT BIDWELL                                  
USC00043161,39.51,-123.7564,37.5,CA FT BRAGG 5 N                       HCN      
USC00043182,41.6011,-122.8478,831.8,CA FT JONES RS                                 
USC00043191,38.515,-123.2447,34.1,CA FT ROSS                                     
USC00043244,37.5422,-122.0158,11.6,CA FREMONT                                     
USC00043251,36.9089,-119.8006,115.8,CA FRESNO 3NW                                  
USC00043256,36.7672,-119.7092,103.0,CA FRESNO 5 NE                                 
USC00043261,36.9969,-119.7072,125.0,CA FRIANT GOVERNMENT CAMP                      
USC00043357,41.8458,-123.9669,118.0,CA GASQUET RS                                  
USC00043384,38.9331,-120.8008,914.7,CA GEORGETOWN RS                               
USC00043402,34.5225,-119.6822,474.9,CA GIBRALTAR DAM #2                            
USC00043417,37.0031,-121.5608,59.1,CA GILROY                                      
USC00043463,35.7269,-118.7006,957.1,CA GLENNVILLE                                  
USC00043491,39.1503,-120.9003,981.5,CA GOLD RUN 4 SW                               
USC00043551,36.7375,-118.9619,2005.6,CA GRANT GROVE                                 
USC00043573,39.2042,-121.0681,731.5,CA GRASS VALLEY #2                             
USC00043578,38.4306,-122.8647,61.0,CA GRATON                                      
USC00043669,37.8444,-120.2258,853.4,CA GROVELAND 2                                 
USC00043714,37.4725,-122.4433,8.2,CA HALF MOON BAY                               
USC00043747,36.3158,-119.6369,72.2,CA HANFORD 1 S                        HCN      
USC00043761,41.7961,-123.3747,348.1,CA HAPPY CAMP RS                      HCN      
USC00043800,39.2372,-121.2667,243.8,CA HARRY L ENGLEBRIGHT DAM                     
USC00043824,40.9317,-121.5433,919.0,CA HAT CREEK                                   
USC00043855,33.7044,-115.6289,417.6,CA HAYFIELD PUMPING PLT                        
USC00043875,38.6294,-122.8664,53.9,CA HEALDSBURG                         HCN      
USC00043882,35.6842,-121.1683,465.1,CA HEARST CASTLE                               
USC00043896,33.7381,-116.8939,552.0,CA HEMET                                       
USC00043914,33.2372,-116.7614,823.0,CA HENSHAW DAM                                 
USC00043937,34.4206,-117.2661,931.2,CA HESPERIA 2E                                 
USC00043939,37.9614,-119.7831,1179.6,CA HETCH HETCHY                                
USC00044025,36.8483,-121.4214,83.8,CA HOLLISTER 2                                 
USC00044211,33.7572,-116.7067,1639.8,CA IDYLLWILD FIRE DEPT                         
USC00044223,32.8489,-115.5667,-19.5,CA IMPERIAL                                    
USC00044259,33.7086,-116.2153,-6.4,CA INDIO FIRE STN                     HCN      
USC00044297,34.1472,-115.1219,281.0,CA IRON MTN                                    
USC00044303,33.72,-117.7231,164.6,CA IRVINE RCH                                  
USC00044374,41.2706,-120.2983,1621.2,CA JESS VALLEY                                 
USC00044394,34.3592,-116.5378,965.3,CA JOHNSON VALLEY                              
USC00044405,34.1472,-116.2747,781.2,CA JOSHUA TREE                                 
USC00044412,33.0764,-116.5925,1284.7,CA JULIAN CDF                                  
USC00044422,34.4908,-119.5069,688.8,CA JUNCAL DAM                                  
USC00044484,38.8089,-120.8208,609.6,CA KELSEY 1 N                                  
USC00044500,37.9567,-122.5447,44.2,CA KENTFIELD                                   
USC00044534,36.0067,-119.96,73.2,CA KETTLEMAN CITY                              
USC00044555,36.2069,-121.1378,97.5,CA KING CITY                                   
USC00044710,32.8536,-116.8947,210.3,CA LAKESIDE 2 E                                
USC00044712,38.4919,-122.0039,57.0,CA LAKE SOLANO                                 
USC00044838,41.7117,-121.5067,1455.4,CA LAVA BEDS NAT MON                           
USC00044863,34.8333,-118.865,1089.7,CA LEBEC                                       
USC00044881,37.9567,-119.1194,2071.7,CA LEE VINING                                  
USC00044890,36.3817,-119.0264,156.4,CA LEMON COVE                         HCN      
USC00044957,36.2033,-119.0545,132.6,CA LINDSAY                                     
USC00044997,37.6819,-121.7514,161.2,CA LIVERMORE                          HCN      
USC00045026,36.6044,-118.7325,2052.8,CA LODGEPOLE                                   
USC00045064,34.6539,-120.4514,22.9,CA LOMPOC                                      
USC00045091,33.8131,-116.6419,2554.2,CA LONG VALLEY 2                               
USC00045100,35.3836,-118.4122,1290.8,CA LORAINE 5 NNE                               
USC00045118,37.0564,-120.8667,36.6,CA LOS BANOS                                   
USC00045119,36.875,-120.9386,256.9,CA LOS BANOS ARBURUA RCH                       
USC00045151,35.6181,-119.6892,87.8,CA LOST HILLS                                  
USC00045233,36.9539,-120.0378,82.3,CA MADERA                                      
USC00045280,37.6478,-118.9617,2378.7,CA MAMMOTH LAKES RS                            
USC00045311,40.5411,-121.5767,1752.6,CA MANZANITA LAKE                              
USC00045360,38.4917,-122.1242,146.3,CA MARKLEY COVE                                
USC00045449,41.2517,-122.1383,985.4,CA MCCLOUD                                     
USC00045502,33.5697,-116.0731,-55.8,CA MECCA FIRE STN                              
USC00045532,37.2889,-120.5158,46.9,CA MERCED                             HCN      
USC00045598,38.7478,-122.6258,341.7,CA MIDDLETOWN                                  
USC00045679,40.3458,-121.6092,1485.9,CA MINERAL                                     
USC00045756,35.0492,-118.1619,833.6,CA MOJAVE                                      
USC00045795,36.5928,-121.8556,37.2,CA MONTEREY                                    
USC00045860,34.0864,-116.5622,958.6,CA MORONGO VALLEY N                            
USC00045866,35.3669,-120.8447,36.0,CA MORRO BAY FIRE DEPT                         
USC00045915,37.8792,-121.9303,661.4,CA MT DIABLO JUNCTION                          
USC00045933,37.3433,-121.6347,1286.3,CA MT HAMILTON                                 
USC00045941,41.7833,-122.0447,1300.0,CA MT HEBRON RS                                
USC00045968,32.8672,-116.4194,1804.4,CA MT LAGUNA #3                                
USC00045983,41.3217,-122.3172,1101.2,CA MT SHASTA                          HCN      
USC00046027,37.8978,-122.5689,67.1,CA MUIR WOODS                                  
USC00046074,38.2778,-122.2647,10.7,CA NAPA STATE HOSPITAL                HCN      
USC00046136,39.2467,-121.0008,847.6,CA NEVADA CITY                                 
USC00046144,37.5147,-122.0325,3.0,CA NEWARK                                      
USC00046154,34.9456,-119.6828,658.4,CA NEW CUYAMA FIRE STN                         
USC00046168,37.2811,-121.0178,27.4,CA NEWMAN                                      
USC00046174,38.0047,-120.4864,292.6,CA NEW MELONES DAM HQ                          
USC00046175,33.6031,-117.8836,3.0,CA NEWPORT BEACH HARBOR               HCN      
USC00046194,38.9261,-121.5447,13.1,CA NICOLAUS #2                                 
USC00046197,33.2775,-115.5239,-18.3,CA NILAND                                      
USC00046252,37.2328,-119.5097,806.2,CA N FK RS                                     
USC00046328,41.8392,-122.8503,603.5,CA OAK KNOLL W C                               
USC00046336,37.7983,-122.2642,9.1,CA OAKLAND MUSEUM                              
USC00046370,38.3858,-122.9661,263.7,CA OCCIDENTAL                                  
USC00046377,33.2097,-117.395,3.0,CA OCEANSIDE MARINA                            
USC00046386,33.1553,-116.1689,118.9,CA OCOTILLO WELLS 2W                           
USC00046399,34.4478,-119.2275,227.1,CA OJAI                               HCN      
USC00046506,39.7458,-122.1997,77.4,CA ORLAND                             HCN      
USC00046521,39.5178,-121.5531,52.1,CA OROVILLE                                    
USC00046572,34.2067,-119.1375,15.8,CA OXNARD WFO                                  
USC00046597,38.7583,-120.5031,1051.6,CA PACIFIC HOUSE                               
USC00046602,34.3294,-118.4006,472.4,CA PACOIMA DAM FC33A-E                         
USC00046624,34.5883,-118.0939,796.1,CA PALMDALE                                    
USC00046635,33.8275,-116.5097,129.5,CA PALM SPRINGS                                
USC00046657,33.3781,-116.84,1691.6,CA PALOMAR MTN OBSY                            
USC00046663,33.7997,-118.3911,67.1,CA PALOS VERDES ES FC43D                       
USC00046675,36.6067,-120.8842,426.7,CA PANOCHE 2 W                                 
USC00046685,39.7539,-121.6242,533.4,CA PARADISE                                    
USC00046699,34.2903,-114.1708,224.9,CA PARKER RESRVOIR                             
USC00046719,34.1483,-118.1447,263.3,CA PASADENA                           HCN      
USC00046730,35.6278,-120.6856,222.5,CA PASO ROBLES                        HCN      
USC00046773,34.5025,-117.8969,945.2,CA PEARBLOSSOM                                 
USC00046826,38.2578,-122.6078,6.1,CA PETALUMA AP                        HCN      
USC00046926,36.4819,-121.1822,398.4,CA PINNACLES NP                                
USC00046940,34.4061,-118.7569,217.0,CA PIRU 2 ESE                                  
USC00046946,40.9869,-121.9772,444.4,CA PIT RVR PH 5                                
USC00046961,38.7853,-120.7419,810.2,CA PLACERVILLE 3 ENE                           
USC00047085,39.8053,-120.4719,1478.3,CA PORTOLA                                     
USC00047109,39.3619,-123.1286,310.3,CA POTTER VALLEY POWERHOUSE                    
USC00047111,33.0194,-117.0308,197.5,CA POWAY VALLEY                                
USC00047195,39.9367,-120.9475,1042.4,CA QUINCY                             HCN      
USC00047248,33.0217,-117.0814,210.3,CA RANCHO BERNARDO                             
USC00047253,35.3692,-117.6525,1088.1,CA RANDSBURG                                   
USC00047270,37.2094,-119.9086,280.1,CA RAYMOND                                     
USC00047298,40.5194,-122.2989,153.0,CA REDDING CDF                                 
USC00047306,34.0369,-117.1947,429.8,CA REDLANDS                           HCN      
USC00047326,33.8342,-118.3758,43.3,CA REDONDO BEACH                               
USC00047339,37.4767,-122.2386,9.4,CA REDWOOD CITY                                
USC00047414,37.9192,-122.3772,6.1,CA RICHMOND                                    
USC00047470,33.9511,-117.3881,256.0,CA RIVERSIDE FIRE STN 3                        
USC00047643,38.5067,-122.4714,68.6,CA SAINT HELENA                                
USC00047672,35.3372,-120.5039,424.3,CA SALINAS DAM                                 
USC00047681,34.585,-120.4083,77.4,CA SALSIPUEDES GAGING STN                      
USC00047741,32.7653,-117.2314,4.3,CA SAN DIEGO SEAWORLD                          
USC00047767,37.7281,-122.5053,2.4,CA SAN FRANCISCO OCEANSIDE                     
USC00047776,34.1553,-117.9078,226.8,CA SAN GABRIEL CANYON PH                       
USC00047779,34.2053,-117.8608,451.4,CA SAN GABRIEL DAM FC425B-E                    
USC00047785,34.0842,-118.1003,110.6,CA SAN GABRIEL FIRE DEPT                       
USC00047813,33.7964,-116.9753,464.8,CA SAN JACINTO                                 
USC00047851,35.3056,-120.6619,93.9,CA SAN LUIS OBISPO POLY               HCN      
USC00047888,33.7442,-117.8667,41.1,CA SANTA ANA FIRE STN                          
USC00047902,34.4167,-119.6844,4.9,CA SANTA BARBARA                      HCN      
USC00047916,36.9878,-121.9994,21.3,CA SANTA CRUZ                         HCN      
USC00047933,35.3742,-120.6375,349.9,CA SANTA MARGARITA BOOST                       
USC00047965,38.4558,-122.7133,50.6,CA SANTA ROSA                         HCN      
USC00048014,34.59,-118.4542,658.7,CA SAUGUS PWR PLT 1                            
USC00048045,40.4833,-124.1039,41.5,CA SCOTIA                                      
USC00048122,35.4867,-119.1458,123.1,CA SHAFTER 6E                                  
USC00048135,40.7142,-122.4161,327.7,CA SHASTA DAM                                  
USC00048218,39.5833,-120.3706,1516.4,CA SIERRAVILLE RS                              
USC00048273,37.3133,-122.185,691.9,CA SKYLINE RIDGE PRESERVE                      
USC00048351,38.2994,-122.4622,29.6,CA SONOMA                                      
USC00048353,37.9672,-120.3872,510.5,CA SONORA                                      
USC00048380,37.5122,-119.6331,1538.3,CA SO ENTRANCE YOSEMITE NP                     
USC00048407,35.6467,-118.3608,808.9,CA S LAKE FS                                   
USC00048587,39.5861,-122.5342,243.8,CA STONY GORGE RSVR                            
USC00048606,39.5319,-121.1611,1130.8,CA STRAWBERRY VALLEY 2                         
USC00048702,40.4167,-120.6631,1283.8,CA SUSANVILLE 2SW                     HCN      
USC00048713,38.3772,-120.8008,483.4,CA SUTTER HILL CDF                             
USC00048758,39.1678,-120.1428,1898.9,CA TAHOE CITY                         HCN      
USC00048760,39.06,-120.1292,1924.8,CA TAHOMA                                      
USC00048829,35.1011,-118.4222,1286.3,CA TEHACHAPI 4 SE                              
USC00048839,35.0233,-118.7497,434.3,CA TEJON RANCHO                       HCN      
USC00048917,36.465,-118.8619,347.5,CA THREE RIVERS EDISON PH 1                    
USC00048999,37.6819,-121.3467,41.1,CA TRACY CARBONA                               
USC00049001,37.7958,-121.5831,18.6,CA TRACY PUMPING PLT                           
USC00049026,40.7264,-122.7947,567.2,CA TRINITY RVR HATCHERY                        
USC00049035,35.7636,-117.3908,516.6,CA TRONA                                       
USC00049040,39.3181,-120.145,1798.3,CA TRUCKEE-TAHOE AP                            
USC00049053,41.96,-121.4744,1230.8,CA TULELAKE                                    
USC00049063,37.8769,-119.3436,2649.9,CA TUOLUMNE MEADOWS RS                         
USC00049073,37.5019,-120.8456,31.4,CA TURLOCK #2                                  
USC00049099,34.1281,-116.0369,602.0,CA TWENTYNINE PALMS                            
USC00049111,34.9881,-120.3211,177.4,CA TWITCHELL DAM                               
USC00049124,39.1267,-123.2719,404.8,CA UKIAH 4 WSW                                 
USC00049152,34.0697,-118.4428,131.1,CA U C L A                                     
USC00049185,37.7719,-122.1675,120.1,CA UPPER SAN LEANDRO FILTERS                   
USC00049219,38.1,-122.1869,103.9,CA VALLEJO                                     
USC00049226,33.2217,-117.0381,393.2,CA VALLEY CTR 1N                               
USC00049298,39.5214,-120.0269,1654.8,CA VERDI 2W                                    
USC00049325,34.5292,-117.2928,877.8,CA VICTORVILLE                                 
USC00049367,36.3283,-119.2997,92.4,CA VISALIA                                     
USC00049378,33.2353,-117.2322,131.1,CA VISTA                                       
USC00049390,40.4583,-121.8664,676.7,CA VOLTA PH                                    
USC00049452,35.5892,-119.3519,88.7,CA WASCO                              HCN      
USC00049473,36.9308,-121.7692,29.0,CA WATSONVILLE WTR WKS                         
USC00049490,40.7353,-122.9442,627.3,CA WEAVERVILLE                        HCN      
USC00049582,38.3775,-120.5453,845.8,CA W PT                                        
USC00049621,40.6117,-122.5281,394.7,CA WHISKEYTOWN RSVR                            
USC00049694,40.9467,-123.6364,141.4,CA WILLOW CREEK 1 NW                           
USC00049699,39.5231,-122.3047,71.3,CA WILLOWS 6 W                        HCN      
USC00049742,38.5253,-121.9778,41.1,CA WINTERS                                     
USC00049781,38.6828,-121.7939,20.4,CA WOODLAND 1 WNW                              
USC00049785,34.1819,-118.5744,240.8,CA WOODLAND HILLS PIERCE COLLEGE               
USC00049855,37.7503,-119.5897,1224.7,CA YOSEMITE PARK HQ                   HCN      
USC00049866,41.7031,-122.6414,825.7,CA YREKA                              HCN      
USC00049884,34.2183,-116.4072,1050.0,CA YUCCA MESA                                  
USC00049888,34.1294,-116.3878,990.3,CA YUCCA VALLEY                                
USC00268186,38.7394,-119.5181,1613.0,NV TOPAZ LAKE                                  
USS0019L03S,38.85,-119.94,2370.1,CA Hagan's Meadow                              
USS0019L05S,38.61,-119.92,2455.8,CA Blue Lakes                                  
USS0019L06S,38.51,-119.63,2357.9,CA Poison Flat                                 
USS0019L07S,38.31,-119.6,2690.5,CA Sonora Pass                                 
USS0019L08S,38.3,-119.55,2194.0,CA Leavitt Meadows                             
USS0019L13S,38.07,-119.23,2878.8,CA Virginia Lakes Ridge                        
USS0019L17S,38.44,-119.37,2814.2,CA Lobdell Lake                                
USS0019L19S,38.55,-119.8,2671.6,CA Ebbetts Pass                                
USS0019L24S,38.92,-119.92,2615.8,CA Heavenly Valley                             
USS0019L38S,38.28,-119.61,2931.3,CA Leavitt Lake                                
USS0019L39S,38.67,-119.82,1863.9,CA Spratt Creek                                
USS0019L40S,38.67,-119.61,2532.9,CA Monitor Pass                                
USS0019L41S,38.72,-119.89,2477.7,CA Burnside Lake                               
USS0019L42S,38.4,-119.54,2838.6,CA Summit Meadow                               
USS0019L43S,38.68,-119.96,2443.6,CA Forestdale Creek                            
USS0019L44S,38.84,-119.89,2608.2,CA Horse Meadow                                
USS0019L45S,38.69,-119.99,2546.0,CA Carson Pass                                 
USS0020H01S,41.99,-120.72,1731.3,CA State Line                                  
USS0020H02S,41.89,-120.75,1575.8,CA Crowder Flat                                
USS0020H06S,41.58,-120.3,2142.7,CA Cedar Pass                                  
USS0020H12S,41.99,-120.18,2243.3,CA Dismal Swamp                                
USS0020H13S,41.24,-120.79,1886.7,CA Adin Mtn                                    
USS0020K03S,39.49,-120.28,1967.8,CA Independence Creek                          
USS0020K04S,39.45,-120.29,2134.5,CA Independence Camp                           
USS0020K05S,39.43,-120.31,2545.7,CA Independence Lake                           
USS0020K13S,39.3,-120.18,1983.9,CA Truckee #2                                  
USS0020K25S,39.14,-120.22,2028.4,CA Ward Creek #3                               
USS0020K27S,39.17,-120.15,2071.7,CA Tahoe City Cross                            
USS0020K30S,39.19,-120.26,2447.2,CA Squaw Valley G.C.                           
USS0020K31S,39.33,-120.37,2089.4,CA Css Lab                                     
USS0020L02S,39.0,-120.13,2343.6,CA Rubicon #2                                  
USS0020L06S,38.85,-120.08,2337.8,CA Echo Peak                                   
USS0020L10S,38.93,-120.05,1900.7,CA Fallen Leaf                                 
USW00000369,33.2861,-117.4561,27.1,CA MCOLF CAMP PENDLETON RED BEACH              
USW00003102,34.0531,-117.5769,281.6,CA ONTARIO INTL AP                             
USW00003104,33.6317,-116.1642,-36.0,CA DESERT RESORTS RGNL AP                      
USW00003122,33.8017,-118.3411,27.4,CA TORRANCE AP                                 
USW00003131,32.8144,-117.1375,127.4,CA SAN DIEGO MONTGOMERY FLD                    
USW00003144,32.8347,-115.5767,-16.8,CA IMPERIAL CO AP                              
USW00003159,34.7411,-118.2125,712.6,CA LANCASTER                                   
USW00003164,32.6261,-116.4681,805.0,CA CAMPO ASOS                                  
USW00003166,33.8717,-117.9855,26.2,CA FULLERTON MUNI AP                           
USW00003167,33.9236,-118.3328,16.8,CA HAWTHORNE MUNI AP                           
USW00003171,33.9528,-117.4353,257.6,CA RIVERSIDE MUNI AP                           
USW00003177,33.13,-117.2764,95.4,CA CARLSBAD MCCLELLAN PALOMAR AP               
USW00003178,32.5758,-116.9939,158.8,CA SAN DIEGO BROWN FLD                         
USW00003179,33.9756,-117.625,193.9,CA CHINO AP                                    
USW00004222,40.6508,-122.6067,432.2,CA REDDING 12 WNW                     CRN      
USW00023110,36.3333,-119.95,70.7,CA LEMOORE REEVES NAS                     74702
USW00023119,33.9,-117.25,468.2,CA MARCH AFB                              72286
USW00023129,33.8117,-118.1472,10.4,CA LONG BEACH DAUGHERTY AP                72297
USW00023130,34.2122,-118.4914,239.3,CA VAN NUYS AP                                 
USW00023136,34.2114,-119.0875,21.6,CA CAMARILLO AP                                
USW00023152,34.1997,-118.3656,222.8,CA BURBANK GLENDALE PASADENA AP           72288
USW00023155,35.4342,-119.0553,149.4,CA BAKERSFIELD AP                         72384
USW00023157,37.3711,-118.3589,1252.7,CA BISHOP AP                              72480
USW00023158,33.6189,-114.7144,120.4,CA BLYTHE ASOS                                 
USW00023161,34.8536,-116.7869,584.9,CA BARSTOW-DAGGETT AP                          
USW00023174,33.9381,-118.3867,29.6,CA LOS ANGELES INTL AP                    72295
USW00023179,34.7678,-114.6183,270.7,CA NEEDLES AP                         HCN      
USW00023182,34.6294,-118.0831,764.7,CA PALMDALE AP                            72382
USW00023187,34.7436,-118.7253,1374.6,CA SANDBERG                               72383
USW00023188,32.7336,-117.1831,4.6,CA SAN DIEGO INTL AP              GSN     72290
USW00023190,34.4242,-119.8425,2.4,CA SANTA BARBARA MUNI AP                  72392
USW00023191,33.4042,-118.4144,477.0,CA AVALON CATALINA AP                     72292
USW00023199,32.8325,-115.6639,-14.0,CA EL CENTRO NAF                          72281
USW00023213,38.5036,-122.8111,36.3,CA SANTA ROSA SONOMA CO AP                     
USW00023225,39.2761,-120.7092,1611.2,CA BLUE CANYON NYACK AP                        
USW00023230,37.7178,-122.2331,1.5,CA OAKLAND INTL AP                        72493
USW00023232,38.5067,-121.4961,5.8,CA SACRAMENTO AP ASOS                     72483
USW00023233,36.6636,-121.6092,22.3,CA SALINAS AP                             72593
USW00023234,37.6197,-122.3656,3.0,CA SAN FRANCISCO INTL AP                  72494
USW00023237,37.89,-121.2264,8.2,CA STOCKTON AP                            72492
USW00023243,34.6667,-120.4667,26.8,CA LOMPOC AP                                   
USW00023254,37.9917,-122.0528,7.0,CA CONCORD BUCHANAN FLD                   72495
USW00023257,37.2858,-120.5178,46.3,CA MERCED MUNI AP                              
USW00023258,37.6256,-120.955,26.5,CA MODESTO AP                                  
USW00023259,36.5903,-121.8489,48.8,CA MONTEREY PENINSUL AP                        
USW00023271,38.5553,-121.4183,11.6,CA SACRAMENTO 5 ESE                            
USW00023272,37.7706,-122.4269,45.7,CA SAN FRANCISCO DWTN                          
USW00023273,34.8942,-120.4522,74.1,CA SANTA MARIA PUBLIC AP                  72394
USW00023275,39.1278,-123.2003,183.8,CA UKIAH MUNI AP                               
USW00023277,36.9394,-121.79,49.4,CA WATSONVILLE MUNI AP                         
USW00023285,37.6931,-121.815,119.8,CA LIVERMORE MUNI AP                           
USW00023293,37.3594,-121.9244,14.9,CA SAN JOSE                                    
USW00024213,40.8097,-124.1603,6.1,CA EUREKA WFO WOODLEY IS          GSN HCN 72594
USW00024215,41.315,-122.3172,1083.0,CA MT SHASTA                                   
USW00024216,40.1519,-122.2547,107.9,CA RED BLUFF MUNI AP                      72591
USW00024257,40.5147,-122.2978,152.7,CA REDDING AP                         HCN 72592
USW00024259,41.7736,-122.4683,806.2,CA MONTAGUE SISKIYOU AP                        
USW00024283,40.9783,-124.1047,64.3,CA ARCATA EUREKA AP                            
USW00024286,41.7836,-124.2381,17.1,CA CRESCENT CITY MCNAMARA AP                   
USW00053119,36.3114,-119.6231,75.9,CA HANFORD MUNI AP                             
USW00053120,33.0381,-116.9161,422.1,CA RAMONA AP                                   
USW00053121,33.2194,-117.3497,9.1,CA OCEANSIDE MUNI AP                           
USW00053139,36.6019,-117.145,25.6,CA STOVEPIPE WELLS 1 SW               CRN      
USW00053150,37.7592,-119.8208,2017.8,CA YOSEMITE VILLAGE 12 W              CRN      
USW00053151,33.4392,-117.1903,347.5,CA FALLBROOK 5 NE                     CRN      
USW00053152,34.4142,-119.8797,5.5,CA SANTA BARBARA 11 W                 CRN      
USW00053175,33.8978,-117.6025,162.5,CA CORONA MUNICIPAL AP                         
USW00093104,35.6864,-117.6908,680.0,CA CHINA LAKE NAF                         74612
USW00093107,32.8667,-117.1333,145.4,CA SAN DIEGO MIRAMAR NAS                  72293
USW00093110,34.2,-119.2042,11.9,CA OXNARD VENTURA CO AP                        
USW00093111,34.1242,-119.1228,3.7,CA PT MUGU NF                             72391
USW00093112,32.6922,-117.2097,4.3,CA N IS NAS                                    
USW00093115,32.5681,-117.1172,7.3,CA IMPERIAL BEACH REAM FLD NAS                 
USW00093134,34.0236,-118.2911,54.6,CA LOS ANGELES DOWNTOWN/USC                    
USW00093138,33.8222,-116.5044,124.7,CA PALM SPRINGS ASOS                           
USW00093184,33.6797,-117.8675,13.1,CA SANTA ANA JOHN WAYNE AP                     
USW00093193,36.78,-119.7203,101.8,CA FRESNO YOSEMITE INTL           GSN HCN 72389
USW00093197,34.0211,-118.4472,53.3,CA SANTA MONICA MUNI AP                        
USW00093205,39.1019,-121.5689,18.9,CA MARYSVILLE AP (ASOS)                        
USW00093206,35.2381,-120.6442,55.8,CA SAN LUIS OBISPO MCCHESNEY FLD               
USW00093209,35.6694,-120.6292,249.9,CA PASO ROBLES MUNI AP                         
USW00093210,39.4942,-121.6222,57.0,CA OROVILLE MUNI AP                            
USW00093225,38.7006,-121.5947,7.3,CA SACRAMENTO METRO AP                         
USW00093227,38.2075,-122.2803,4.9,CA NAPA CO AP                                  
USW00093228,37.6589,-122.1211,9.4,CA HAYWARD AIR TERMINAL                   72585
USW00093230,38.8983,-119.9961,1907.1,CA S LAKE TAHOE AP                             
USW00093241,38.3775,-121.9586,31.7,CA VACAVILLE/NUT TREE AP ASOS                  
USW00093242,36.985,-120.1106,76.5,CA MADERA MUNI AP                              
USW00093243,37.2381,-120.8825,23.8,CA MERCED 23 WSW                      CRN      
USW00093245,38.3208,-123.0747,19.2,CA BODEGA 6 WSW                       CRN      
USW00094299,41.4836,-120.5614,1335.9,CA ALTURAS MUNI AP                             
